Unit Type,Unit Boundary Name,Name,StartPointX,StartPointY,EndPointX,EndPointY,Length
A,R0034,LIVING ROOM,-74.8766007,3.027352192,-62.23589101,3.027352192,12.64070969
A,R0035,LIVING ROOM,-62.23589101,3.027352192,-62.23589101,14.92318553,11.89583333
A,R0036,LIVING ROOM,-62.23589101,14.92318553,-67.23909934,14.92318553,5.003208333
A,R0037,LIVING ROOM,-67.23909934,14.92318553,-68.43901601,14.92318553,1.199916667
A,R0038,LIVING ROOM,-68.43901601,14.92318553,-73.37657094,14.92318553,4.937554932
A,R0039,LIVING ROOM,-73.37657094,14.92318553,-73.37657094,11.82943553,3.09375
A,R0040,LIVING ROOM,-73.37657094,11.82943553,-74.8766007,11.82943553,1.500029762
A,R0041,LIVING ROOM,-74.8766007,11.82943553,-74.8766007,3.027352192,8.802083333
A,R0042,BEDROOM 2,-88.51201737,-3.524731141,-75.27243404,-3.524731141,13.23958333
A,R0043,BEDROOM 2,-75.27243404,-3.524731141,-75.27243404,2.569018859,6.09375
A,R0044,BEDROOM 2,-75.27243404,2.569018859,-75.27243404,3.071018859,0.502
A,R0045,BEDROOM 2,-75.27243404,3.071018859,-75.27243404,11.82943553,8.758416667
A,R0046,BEDROOM 2,-75.27243404,11.82943553,-77.50157094,11.82943553,2.229136905
A,R0047,BEDROOM 2,-77.50157094,11.82943553,-77.50157094,15.22526886,3.395833333
A,R0048,BEDROOM 2,-77.50157094,15.22526886,-77.50157094,15.92318553,0.697916667
A,R0049,BEDROOM 2,-77.50157094,15.92318553,-82.2828507,15.92318553,4.781279762
A,R0050,BEDROOM 2,-82.2828507,15.92318553,-82.2828507,9.527352192,6.395833333
A,R0051,BEDROOM 2,-82.2828507,9.527352192,-88.51201737,9.527352192,6.229166667
A,R0052,BEDROOM 2,-88.51201737,9.527352192,-88.51201737,-3.524731141,13.05208333
A,R0053,BATHROOM 2,-80.31930904,21.81901886,-88.51201737,21.81901886,8.192708333
A,R0054,BATHROOM 2,-88.51201737,21.81901886,-88.51201737,16.31901886,5.5
A,R0055,BATHROOM 2,-88.51201737,16.31901886,-82.48076737,16.31901886,6.03125
A,R0056,BATHROOM 2,-82.48076737,16.31901886,-77.66823761,16.31901886,4.812529762
A,R0057,BATHROOM 2,-77.66823761,16.31901886,-77.66823761,18.62110219,2.302083333
A,R0058,BATHROOM 2,-77.66823761,18.62110219,-77.66823761,21.81901886,3.197916667
A,R0059,BATHROOM 2,-77.66823761,21.81901886,-80.31930904,21.81901886,2.651071428
A,R0060,CLOSET 2,-88.51201737,15.92318553,-88.51201737,9.923185525,6
A,R0061,CLOSET 2,-88.51201737,9.923185525,-82.67868404,9.923185525,5.833333333
A,R0062,CLOSET 2,-82.67868404,9.923185525,-82.67868404,15.92318553,6
A,R0063,CLOSET 2,-82.67868404,15.92318553,-88.51201737,15.92318553,5.833333333
A,R0064,BEDROOM 1,-61.84005768,3.027352192,-51.2516007,3.027352192,10.58845697
A,R0065,BEDROOM 1,-51.2516007,3.027352192,-51.2516007,15.26693553,12.23958333
A,R0066,BEDROOM 1,-51.2516007,15.26693553,-55.76193268,15.26693553,4.510331972
A,R0067,BEDROOM 1,-55.76193268,15.26693553,-55.76193268,20.42318553,5.15625
A,R0068,BEDROOM 1,-55.76193268,20.42318553,-59.56401601,20.42318553,3.802083333
A,R0069,BEDROOM 1,-59.56401601,20.42318553,-59.56401601,14.92318553,5.5
A,R0070,BEDROOM 1,-59.56401601,14.92318553,-61.84005768,14.92318553,2.276041667
A,R0071,BEDROOM 1,-61.84005768,14.92318553,-61.84005768,3.027352192,11.89583333
A,R0115,ENTRY,-73.37657094,25.48568553,-73.37657094,22.12631053,3.359375
A,R0116,ENTRY,-73.37657094,22.12631053,-73.37657094,18.42318553,3.703125
A,R0117,ENTRY,-73.37657094,18.42318553,-77.10573761,18.42318553,3.729166667
A,R0118,ENTRY,-77.10573761,18.42318553,-77.10573761,16.12110219,2.302083333
A,R0119,ENTRY,-77.10573761,16.12110219,-77.10573761,15.91795169,0.203150499
A,R0120,ENTRY,-77.10573761,15.91795169,-77.10573761,15.42318553,0.494766167
A,R0121,ENTRY,-77.10573761,15.42318553,-73.57448761,15.42318553,3.53125
A,R0122,ENTRY,-73.57448761,15.42318553,-73.57448761,14.92318553,0.5
A,R0123,ENTRY,-73.57448761,14.92318553,-68.43901601,14.92318553,5.135471599
A,R0124,ENTRY,-68.43901601,14.92318553,-68.43901601,20.29818553,5.375
A,R0125,ENTRY,-68.43901601,20.29818553,-68.43901601,23.79818553,3.5
A,R0126,ENTRY,-68.43901601,23.79818553,-68.43901601,25.48568553,1.6875
A,R0127,ENTRY,-68.43901601,25.48568553,-73.37657094,25.48568553,4.937554932
A,R0240,KITCHEN,-60.12651601,26.31901886,-68.04318268,26.31901886,7.916666667
A,R0241,KITCHEN,-68.04318268,26.31901886,-68.04318268,25.70443553,0.614583333
A,R0242,KITCHEN,-68.04318268,25.70443553,-68.04318268,25.48045169,0.223983833
A,R0243,KITCHEN,-68.04318268,25.48045169,-68.04318268,23.79818553,1.682266167
A,R0244,KITCHEN,-68.04318268,23.79818553,-68.43901601,23.79818553,0.395833333
A,R0245,KITCHEN,-68.43901601,23.79818553,-68.43901601,20.29818553,3.5
A,R0246,KITCHEN,-68.43901601,20.29818553,-67.54318268,20.29818553,0.895833333
A,R0247,KITCHEN,-67.54318268,20.29818553,-67.54318268,14.92318553,5.375
A,R0248,KITCHEN,-67.54318268,14.92318553,-62.61622652,14.92318553,4.926956157
A,R0249,KITCHEN,-62.61622652,14.92318553,-62.03797434,15.31901886,0.700756454
A,R0250,KITCHEN,-62.03797434,15.31901886,-60.12651601,15.31901886,1.911458333
A,R0251,KITCHEN,-60.12651601,15.31901886,-60.12651601,20.62110219,5.302083333
A,R0252,KITCHEN,-60.12651601,20.62110219,-60.12651601,26.31901886,5.697916667
A,R0253,CLOSET 1,-51.2516007,15.66276886,-51.2516007,20.42318553,4.760416667
A,R0254,CLOSET 1,-51.2516007,20.42318553,-55.36609934,20.42318553,4.114498639
A,R0255,CLOSET 1,-55.36609934,20.42318553,-55.36609934,15.66276886,4.760416667
A,R0256,CLOSET 1,-55.36609934,15.66276886,-51.2516007,15.66276886,4.114498639
A,R0257,BATHROOM 1,-51.2516007,26.31901886,-59.56401601,26.31901886,8.312415306
A,R0258,BATHROOM 1,-59.56401601,26.31901886,-59.56401601,20.81901886,5.5
A,R0259,BATHROOM 1,-59.56401601,20.81901886,-55.56401601,20.81901886,4
A,R0260,BATHROOM 1,-55.56401601,20.81901886,-51.2516007,20.81901886,4.312415306
A,R0261,BATHROOM 1,-51.2516007,20.81901886,-51.2516007,26.31901886,5.5
A,R0591,UTILITY,-73.77240427,21.81901886,-77.10573761,21.81901886,3.333333333
A,R0592,UTILITY,-77.10573761,21.81901886,-77.10573761,18.81901886,3
A,R0593,UTILITY,-77.10573761,18.81901886,-73.77240427,18.81901886,3.333333333
A,R0594,UTILITY,-73.77240427,18.81901886,-73.77240427,21.81901886,3
A,R0595,HVAC,-77.10573761,15.02735219,-77.10573761,12.22526886,2.802083333
A,R0596,HVAC,-77.10573761,12.22526886,-75.07451737,12.22526886,2.031220238
A,R0597,HVAC,-75.07451737,12.22526886,-73.77240427,12.22526886,1.302113095
A,R0598,HVAC,-73.77240427,12.22526886,-73.77240427,14.92318553,2.697916667
A,R0599,HVAC,-73.77240427,14.92318553,-73.77240427,15.02735219,0.104166667
A,R0600,HVAC,-73.77240427,15.02735219,-77.10573761,15.02735219,3.333333333
B,R0429,ENTRY,-5.814185397,38.72526886,-5.814185397,36.52735219,2.197916667
B,R0430,ENTRY,-5.814185397,36.52735219,-2.58501873,36.52735219,3.229166667
B,R0431,ENTRY,-2.58501873,36.52735219,-2.58501873,33.86068553,2.666666667
B,R0432,ENTRY,-2.58501873,33.86068553,1.998441779,33.86068553,4.58346051
B,R0433,ENTRY,1.998441779,33.86068553,1.998441779,37.02735219,3.166666667
B,R0434,ENTRY,1.998441779,37.02735219,1.998441779,44.07943553,7.052083333
B,R0435,ENTRY,1.998441779,44.07943553,-2.58501873,44.07943553,4.58346051
B,R0436,ENTRY,-2.58501873,44.07943553,-2.58501873,40.28776886,3.791666667
B,R0437,ENTRY,-2.58501873,40.28776886,-5.814185397,40.28776886,3.229166667
B,R0438,ENTRY,-5.814185397,40.28776886,-5.814185397,38.72526886,1.5625
B,R0439,KITCHEN,11.89423263,33.02735219,11.89423263,38.72526886,5.697916667
B,R0440,KITCHEN,11.89423263,38.72526886,11.89423263,43.52735219,4.802083333
B,R0441,KITCHEN,11.89423263,43.52735219,10.20678946,43.52735219,1.687443175
B,R0442,KITCHEN,10.20678946,43.52735219,9.373399297,43.52735219,0.833390158
B,R0443,KITCHEN,9.373399297,43.52735219,9.373399297,43.92318553,0.395833333
B,R0444,KITCHEN,9.373399297,43.92318553,4.832956603,43.92318553,4.540442694
B,R0445,KITCHEN,4.832956603,43.92318553,4.832956603,43.52735219,0.395833333
B,R0446,KITCHEN,4.832956603,43.52735219,4.45673263,43.52735219,0.376223973
B,R0447,KITCHEN,4.45673263,43.52735219,2.560941779,43.52735219,1.895790851
B,R0448,KITCHEN,2.560941779,43.52735219,2.560941779,37.02735219,6.5
B,R0449,KITCHEN,2.560941779,37.02735219,2.560941779,33.64193553,3.385416667
B,R0450,KITCHEN,2.560941779,33.64193553,2.560941779,33.02735219,0.614583333
B,R0451,KITCHEN,2.560941779,33.02735219,11.89423263,33.02735219,9.333290851
B,R0452,LIVING ROOM,10.00887279,56.31875603,-3.74126873,56.31875603,13.75014152
B,R0453,LIVING ROOM,-3.74126873,56.31875603,-3.74126873,44.07943553,12.2393205
B,R0454,LIVING ROOM,-3.74126873,44.07943553,-2.782935397,44.07943553,0.958333333
B,R0455,LIVING ROOM,-2.782935397,44.07943553,-2.280935397,44.07943553,0.502
B,R0456,LIVING ROOM,-2.280935397,44.07943553,1.777691779,44.07943553,4.058627176
B,R0457,LIVING ROOM,1.777691779,44.07943553,2.279691779,44.07943553,0.502
B,R0458,LIVING ROOM,2.279691779,44.07943553,2.279691779,43.92318553,0.15625
B,R0459,LIVING ROOM,2.279691779,43.92318553,4.45673263,43.92318553,2.177040851
B,R0460,LIVING ROOM,4.45673263,43.92318553,4.832956603,43.92318553,0.376223973
B,R0461,LIVING ROOM,4.832956603,43.92318553,9.373399297,43.92318553,4.540442694
B,R0462,LIVING ROOM,9.373399297,43.92318553,10.00887279,43.92318553,0.635473492
B,R0463,LIVING ROOM,10.00887279,43.92318553,10.00887279,56.31875603,12.3955705
B,R0464,BEDROOM 1,-14.48076737,57.65208936,-14.48076737,44.07943553,13.57265384
B,R0465,BEDROOM 1,-14.48076737,44.07943553,-9.720435397,44.07943553,4.760331972
B,R0466,BEDROOM 1,-9.720435397,44.07943553,-9.720435397,38.92318553,5.15625
B,R0467,BEDROOM 1,-9.720435397,38.92318553,-6.21001873,38.92318553,3.510416667
B,R0468,BEDROOM 1,-6.21001873,38.92318553,-6.21001873,40.48568553,1.5625
B,R0469,BEDROOM 1,-6.21001873,40.48568553,-6.21001873,44.07943553,3.59375
B,R0470,BEDROOM 1,-6.21001873,44.07943553,-4.137102064,44.07943553,2.072916667
B,R0471,BEDROOM 1,-4.137102064,44.07943553,-4.137102064,56.27508936,12.19565384
B,R0472,BEDROOM 1,-4.137102064,56.27508936,-4.137102064,56.6729227,0.397833333
B,R0473,BEDROOM 1,-4.137102064,56.6729227,-4.137102064,56.77708936,0.104166667
B,R0474,BEDROOM 1,-4.137102064,56.77708936,-4.137102064,57.65208936,0.875
B,R0475,BEDROOM 1,-4.137102064,57.65208936,-14.48076737,57.65208936,10.34366531
B,R0476,CLOSET 1,-14.48076737,43.68360219,-14.48076737,38.92318553,4.760416667
B,R0477,CLOSET 1,-14.48076737,38.92318553,-10.11626873,38.92318553,4.364498639
B,R0478,CLOSET 1,-10.11626873,38.92318553,-10.11626873,43.68360219,4.760416667
B,R0479,CLOSET 1,-10.11626873,43.68360219,-14.48076737,43.68360219,4.364498639
B,R0480,BATHROOM 1,-14.48076737,38.52735219,-14.48076737,33.02735219,5.5
B,R0481,BATHROOM 1,-14.48076737,33.02735219,-6.21001873,33.02735219,8.270748639
B,R0482,BATHROOM 1,-6.21001873,33.02735219,-6.21001873,36.32943553,3.302083333
B,R0483,BATHROOM 1,-6.21001873,36.32943553,-6.21001873,38.52735219,2.197916667
B,R0484,BATHROOM 1,-6.21001873,38.52735219,-9.918352064,38.52735219,3.708333333
B,R0485,BATHROOM 1,-9.918352064,38.52735219,-14.48076737,38.52735219,4.562415306
B,R0486,BEDROOM 2,20.7483993,43.92318553,20.7483993,57.65208936,13.72890384
B,R0487,BEDROOM 2,20.7483993,57.65208936,10.40470612,57.65208936,10.34369317
B,R0488,BEDROOM 2,10.40470612,57.65208936,10.40470612,56.77708936,0.875
B,R0489,BEDROOM 2,10.40470612,56.77708936,10.40470612,56.27508936,0.502
B,R0490,BEDROOM 2,10.40470612,56.27508936,10.40470612,43.92318553,12.35190384
B,R0491,BEDROOM 2,10.40470612,43.92318553,12.45673263,43.92318553,2.052026508
B,R0492,BEDROOM 2,12.45673263,43.92318553,12.45673263,38.92318553,5
B,R0493,BEDROOM 2,12.45673263,38.92318553,15.97756596,38.92318553,3.520833333
B,R0494,BEDROOM 2,15.97756596,38.92318553,15.97756596,43.92318553,5
B,R0495,BEDROOM 2,15.97756596,43.92318553,20.7483993,43.92318553,4.770833333
B,R0496,CLOSET 2,20.7483993,38.92318553,20.7483993,43.52735219,4.604166667
B,R0497,CLOSET 2,20.7483993,43.52735219,16.3733993,43.52735219,4.375
B,R0498,CLOSET 2,16.3733993,43.52735219,16.3733993,38.92318553,4.604166667
B,R0499,CLOSET 2,16.3733993,38.92318553,20.7483993,38.92318553,4.375
B,R0500,BATHROOM 2,20.7483993,33.02735219,20.7483993,38.52735219,5.5
B,R0501,BATHROOM 2,20.7483993,38.52735219,16.17548263,38.52735219,4.572916667
B,R0502,BATHROOM 2,16.17548263,38.52735219,12.45673263,38.52735219,3.71875
B,R0503,BATHROOM 2,12.45673263,38.52735219,12.45673263,33.02735219,5.5
B,R0504,BATHROOM 2,12.45673263,33.02735219,20.7483993,33.02735219,8.291666667
B,R0601,HVAC,-5.814185397,43.68360219,-5.814185397,40.68360219,3
B,R0602,HVAC,-5.814185397,40.68360219,-2.980852064,40.68360219,2.833333333
B,R0603,HVAC,-2.980852064,40.68360219,-2.980852064,43.62743553,2.943833333
B,R0604,HVAC,-2.980852064,43.62743553,-2.980852064,43.68360219,0.056166667
B,R0605,HVAC,-2.980852064,43.68360219,-3.939185397,43.68360219,0.958333333
B,R0606,HVAC,-3.939185397,43.68360219,-5.814185397,43.68360219,1.875
B,R0607,UTILITY,-5.814185397,36.13151886,-5.814185397,33.02735219,3.104166667
B,R0608,UTILITY,-5.814185397,33.02735219,-2.980852064,33.02735219,2.833333333
B,R0609,UTILITY,-2.980852064,33.02735219,-2.980852064,33.64193553,0.614583333
B,R0610,UTILITY,-2.980852064,33.64193553,-2.980852064,36.13151886,2.489583333
B,R0611,UTILITY,-2.980852064,36.13151886,-5.814185397,36.13151886,2.833333333
B2,R0719,BEDROOM 2,-14.48076737,15.40235219,-14.48076737,0.360685525,15.04166667
B2,R0720,BEDROOM 2,-14.48076737,0.360685525,-4.137044433,0.360685525,10.34372294
B2,R0721,BEDROOM 2,-4.137044433,0.360685525,-4.137044433,2.569093358,2.208407833
B2,R0722,BEDROOM 2,-4.137103956,2.569093358,-4.137103956,3.071093358,0.502
B2,R0723,BEDROOM 2,-4.137103956,3.071093358,-4.137103956,15.41276886,12.3416755
B2,R0724,BEDROOM 2,-4.137103956,15.41276886,-6.189130465,15.41276886,2.052026508
B2,R0725,BEDROOM 2,-6.189130465,15.41276886,-6.189130465,20.42318553,5.010416667
B2,R0726,BEDROOM 2,-6.189130465,20.42318553,-9.709963798,20.42318553,3.520833333
B2,R0727,BEDROOM 2,-9.709963798,20.42318553,-9.709963798,15.40235219,5.020833333
B2,R0728,BEDROOM 2,-9.709963798,15.40235219,-14.48076737,15.40235219,4.770803572
B2,R0729,CLOSET 2,-14.48076737,20.42318553,-14.48076737,15.79818553,4.625
B2,R0730,CLOSET 2,-14.48076737,15.79818553,-10.10579713,15.79818553,4.374970238
B2,R0731,CLOSET 2,-10.10579713,15.79818553,-10.10579713,20.42318553,4.625
B2,R0732,CLOSET 2,-10.10579713,20.42318553,-14.48076737,20.42318553,4.374970238
B2,R0733,BATHROOM 2,-14.48076737,26.31901886,-14.48076737,20.81901886,5.5
B2,R0734,BATHROOM 2,-14.48076737,20.81901886,-9.907880465,20.81901886,4.572886905
B2,R0735,BATHROOM 2,-9.907880465,20.81901886,-6.189130465,20.81901886,3.71875
B2,R0736,BATHROOM 2,-6.189130465,20.81901886,-6.189130465,26.31901886,5.5
B2,R0737,BATHROOM 2,-6.189130465,26.31901886,-14.48076737,26.31901886,8.291636905
B2,R0738,BEDROOM 1,20.74836954,1.694018859,20.74836954,15.26693553,13.57291667
B2,R0739,BEDROOM 1,20.74836954,15.26693553,15.98803756,15.26693553,4.760331973
B2,R0740,BEDROOM 1,15.98803756,15.26693553,15.98803756,20.42318553,5.15625
B2,R0741,BEDROOM 1,15.98803756,20.42318553,12.4776209,20.42318553,3.510416667
B2,R0742,BEDROOM 1,12.4776209,20.42318553,12.4776209,18.86068553,1.5625
B2,R0743,BEDROOM 1,12.4776209,18.86068553,12.4776209,15.26693553,3.59375
B2,R0744,BEDROOM 1,12.4776209,15.26693553,10.40470423,15.26693553,2.072916667
B2,R0745,BEDROOM 1,10.40470423,15.26693553,10.40470423,3.071093358,12.19584217
B2,R0746,BEDROOM 1,10.40470423,3.071093358,10.40470423,2.569093358,0.502
B2,R0747,BEDROOM 1,10.40476375,2.569093358,10.40476375,1.694018859,0.875074499
B2,R0748,BEDROOM 1,10.40476375,1.694018859,20.74836954,1.694018859,10.34360578
B2,R0749,CLOSET 1,20.74836954,15.66276886,20.74836954,20.42318553,4.760416667
B2,R0750,CLOSET 1,20.74836954,20.42318553,16.3838709,20.42318553,4.364498639
B2,R0751,CLOSET 1,16.3838709,20.42318553,16.3838709,15.66276886,4.760416667
B2,R0752,CLOSET 1,16.3838709,15.66276886,20.74836954,15.66276886,4.364498639
B2,R0753,BATHROOM 1,20.74836954,20.81901886,20.74836954,26.31901886,5.5
B2,R0754,BATHROOM 1,20.74836954,26.31901886,12.4776209,26.31901886,8.270748639
B2,R0755,BATHROOM 1,12.4776209,26.31901886,12.4776209,23.01693553,3.302083333
B2,R0756,BATHROOM 1,12.4776209,23.01693553,12.4776209,20.81901886,2.197916667
B2,R0757,BATHROOM 1,12.4776209,20.81901886,16.18595423,20.81901886,3.708333333
B2,R0758,BATHROOM 1,16.18595423,20.81901886,20.74836954,20.81901886,4.562415306
B2,R0759,HVAC,12.08178756,15.66276886,12.08178756,18.66276886,3
B2,R0760,HVAC,12.08178756,18.66276886,9.24845423,18.66276886,2.833333333
B2,R0761,HVAC,9.24845423,18.66276886,9.24845423,15.86476886,2.798
B2,R0762,HVAC,9.24845423,15.86476886,9.24845423,15.66276886,0.202
B2,R0763,HVAC,9.24845423,15.66276886,10.20678756,15.66276886,0.958333333
B2,R0764,HVAC,10.20678756,15.66276886,12.08178756,15.66276886,1.875
B2,R0765,UTILITY,12.08178756,26.31901886,9.248513753,26.31901886,2.83327381
B2,R0766,UTILITY,9.248513753,26.31901886,9.248513753,25.70443553,0.614583333
B2,R0767,UTILITY,9.24845423,25.70443553,9.24845423,25.48045169,0.223983833
B2,R0768,UTILITY,9.24845423,25.48045169,9.24845423,23.21485219,2.265599501
B2,R0769,UTILITY,9.24845423,23.21485219,12.08178756,23.21485219,2.833333333
B2,R0770,UTILITY,12.08178756,23.21485219,12.08178756,26.31901886,3.104166667
B2,R0771,LIVING ROOM,-3.741270623,3.027426691,10.0088709,3.027426691,13.75014152
B2,R0772,LIVING ROOM,10.0088709,3.027426691,10.0088709,15.26693553,12.23950883
B2,R0773,LIVING ROOM,10.0088709,15.26693553,9.050537563,15.26693553,0.958333333
B2,R0774,LIVING ROOM,9.050537563,15.26693553,9.050537563,15.41276886,0.145833333
B2,R0775,LIVING ROOM,9.050537563,15.41276886,8.548537563,15.41276886,0.502
B2,R0776,LIVING ROOM,8.548537563,15.41276886,4.41699372,15.41276886,4.131543843
B2,R0777,LIVING ROOM,4.41699372,15.41276886,1.409785386,15.41276886,3.007208333
B2,R0778,LIVING ROOM,1.409785386,15.41276886,-2.913088798,15.41276886,4.322874184
B2,R0779,LIVING ROOM,-2.913088798,15.41276886,-3.741270623,15.41276886,0.828181825
B2,R0780,LIVING ROOM,-3.741270623,15.41276886,-3.741270623,3.027426691,12.38534217
B2,R0781,KITCHEN,3.70671991,26.31901886,-5.793297131,26.31901886,9.500017041
B2,R0782,KITCHEN,-5.793297131,26.31901886,-5.793297131,20.62110219,5.697916667
B2,R0783,KITCHEN,-5.793297131,20.62110219,-5.793297131,15.80860219,4.8125
B2,R0784,KITCHEN,-5.793297131,15.80860219,-3.93918729,15.80860219,1.854109842
B2,R0785,KITCHEN,-3.93918729,15.80860219,-2.913088798,15.80860219,1.026098492
B2,R0786,KITCHEN,-2.913088798,15.80860219,-2.913088798,15.41276886,0.395833333
B2,R0787,KITCHEN,-2.913088798,15.41276886,1.409785386,15.41276886,4.322874184
B2,R0788,KITCHEN,1.409785386,15.41276886,1.409785386,15.80860219,0.395833333
B2,R0789,KITCHEN,1.409785386,15.80860219,3.717077053,15.80860219,2.307291667
B2,R0790,KITCHEN,3.717077053,15.80860219,3.717077053,15.86476886,0.056166667
B2,R0791,KITCHEN,3.717077053,15.86476886,3.717077053,22.31901886,6.45425
B2,R0792,KITCHEN,3.717077053,22.31901886,3.706660386,22.31901886,0.010416667
B2,R0793,KITCHEN,3.706660386,22.31901886,3.706660386,25.48045169,3.161432834
B2,R0794,KITCHEN,3.706660386,25.48045169,3.706660386,25.70443553,0.223983833
B2,R0795,KITCHEN,3.70671991,25.70443553,3.70671991,26.31901886,0.614583333
B2,R0796,ENTRY,8.852620896,25.48568553,4.10249372,25.48568553,4.750127176
B2,R0797,ENTRY,4.10249372,25.48568553,4.10249372,22.31901886,3.166666667
B2,R0798,ENTRY,4.10249372,22.31901886,4.112910386,22.31901886,0.010416667
B2,R0799,ENTRY,4.112910386,22.31901886,4.112910386,15.41276886,6.90625
B2,R0800,ENTRY,4.112910386,15.41276886,8.852620896,15.41276886,4.73971051
B2,R0801,ENTRY,8.852620896,15.41276886,8.852620896,19.05860219,3.645833333
B2,R0802,ENTRY,8.852620896,19.05860219,12.08178756,19.05860219,3.229166667
B2,R0803,ENTRY,12.08178756,19.05860219,12.08178756,20.62110219,1.5625
B2,R0804,ENTRY,12.08178756,20.62110219,12.08178756,22.81901886,2.197916667
B2,R0805,ENTRY,12.08178756,22.81901886,8.852620896,22.81901886,3.229166667
B2,R0806,ENTRY,8.852620896,22.81901886,8.852620896,25.48568553,2.666666667
B3,R0807,BEDROOM 1,126.5707101,-110.6705645,112.5400957,-110.6705645,14.0306144
B3,R0808,BEDROOM 1,112.5400957,-110.6705645,112.5400957,-115.4308964,4.760331972
B3,R0809,BEDROOM 1,112.5400957,-115.4308964,107.3838457,-115.4308964,5.15625
B3,R0810,BEDROOM 1,107.3838457,-115.4308964,107.3838457,-118.9413131,3.510416667
B3,R0811,BEDROOM 1,107.3838457,-118.9413131,108.9463457,-118.9413131,1.5625
B3,R0812,BEDROOM 1,108.9463457,-118.9413131,112.5400957,-118.9413131,3.59375
B3,R0813,BEDROOM 1,112.5400957,-118.9413131,112.5400957,-121.0142298,2.072916667
B3,R0814,BEDROOM 1,112.5400957,-121.0142298,124.7353768,-121.0142298,12.19528107
B3,R0815,BEDROOM 1,124.7353768,-121.0142298,125.2373768,-121.0142298,0.502
B3,R0816,BEDROOM 1,125.2373768,-121.0142298,128.7790435,-121.0142298,3.541666667
B3,R0817,BEDROOM 1,128.7790435,-121.0142298,128.7790435,-110.6705645,10.34366531
B3,R0818,BEDROOM 1,128.7790435,-110.6705645,126.5707101,-110.6705645,2.208333333
B3,R0819,CLOSET 1,112.1442624,-110.6705645,107.3838457,-110.6705645,4.760416667
B3,R0820,CLOSET 1,107.3838457,-110.6705645,107.3838457,-115.0350631,4.364498639
B3,R0821,CLOSET 1,107.3838457,-115.0350631,112.1442624,-115.0350631,4.760416667
B3,R0822,CLOSET 1,112.1442624,-115.0350631,112.1442624,-110.6705645,4.364498639
B3,R0823,BATHROOM 1,106.9880124,-110.6705645,101.4880124,-110.6705645,5.5
B3,R0824,BATHROOM 1,101.4880124,-110.6705645,101.4880124,-118.9413131,8.270748639
B3,R0825,BATHROOM 1,101.4880124,-118.9413131,104.7900957,-118.9413131,3.302083333
B3,R0826,BATHROOM 1,104.7900957,-118.9413131,106.9880124,-118.9413131,2.197916667
B3,R0827,BATHROOM 1,106.9880124,-118.9413131,106.9880124,-115.2329798,3.708333333
B3,R0828,BATHROOM 1,106.9880124,-115.2329798,106.9880124,-110.6705645,4.562415306
B3,R0829,BEDROOM 2,112.4046791,-145.8997311,126.4665435,-145.8997311,14.0618644
B3,R0830,BEDROOM 2,126.4665435,-145.8997311,126.4665435,-146.3268145,0.427083333
B3,R0831,BEDROOM 2,126.4665435,-146.3268145,126.5707101,-146.3268145,0.104166667
B3,R0832,BEDROOM 2,126.5707101,-146.3268145,126.5707101,-145.8997311,0.427083333
B3,R0833,BEDROOM 2,126.5707101,-145.8997311,128.7790435,-145.8997311,2.208333333
B3,R0834,BEDROOM 2,128.7790435,-145.8997311,128.7790435,-135.556038,10.34369317
B3,R0835,BEDROOM 2,128.7790435,-135.556038,125.2373768,-135.556038,3.541666667
B3,R0836,BEDROOM 2,125.2373768,-135.556038,124.7353768,-135.556038,0.502
B3,R0837,BEDROOM 2,124.7353768,-135.556038,112.3942624,-135.556038,12.3411144
B3,R0838,BEDROOM 2,112.3942624,-135.556038,112.3942624,-137.6080645,2.052026508
B3,R0839,BEDROOM 2,112.3942624,-137.6080645,107.3838457,-137.6080645,5.010416667
B3,R0840,BEDROOM 2,107.3838457,-137.6080645,107.3838457,-141.1288978,3.520833333
B3,R0841,BEDROOM 2,107.3838457,-141.1288978,112.4046791,-141.1288978,5.020833333
B3,R0842,BEDROOM 2,112.4046791,-141.1288978,112.4046791,-145.8997311,4.770833333
B3,R0843,CLOSET 2,107.3838457,-145.8997311,112.0088457,-145.8997311,4.625
B3,R0844,CLOSET 2,112.0088457,-145.8997311,112.0088457,-141.5247311,4.375
B3,R0845,CLOSET 2,112.0088457,-141.5247311,107.3838457,-141.5247311,4.625
B3,R0846,CLOSET 2,107.3838457,-141.5247311,107.3838457,-145.8997311,4.375
B3,R0847,BATHROOM 2,101.4880124,-145.8997311,106.9880124,-145.8997311,5.5
B3,R0848,BATHROOM 2,106.9880124,-145.8997311,106.9880124,-141.3268145,4.572916667
B3,R0849,BATHROOM 2,106.9880124,-141.3268145,106.9880124,-137.6080645,3.71875
B3,R0850,BATHROOM 2,106.9880124,-137.6080645,101.4880124,-137.6080645,5.5
B3,R0851,BATHROOM 2,101.4880124,-137.6080645,101.4880124,-145.8997311,8.291666667
B3,R0852,UTILITY,101.4880124,-119.3371464,101.4880124,-122.1704798,2.833333333
B3,R0853,UTILITY,101.4880124,-122.1704798,102.1025957,-122.1704798,0.614583333
B3,R0854,UTILITY,102.1025957,-122.1704798,102.3265796,-122.1704798,0.223983833
B3,R0855,UTILITY,102.3265796,-122.1704798,104.5921791,-122.1704798,2.265599501
B3,R0856,UTILITY,104.5921791,-122.1704798,104.5921791,-119.3371464,2.833333333
B3,R0857,UTILITY,104.5921791,-119.3371464,101.4880124,-119.3371464,3.104166667
B3,R0858,HVAC,112.1442624,-119.3371464,109.1442624,-119.3371464,3
B3,R0859,HVAC,109.1442624,-119.3371464,109.1442624,-122.1704798,2.833333333
B3,R0860,HVAC,109.1442624,-122.1704798,111.9422624,-122.1704798,2.798
B3,R0861,HVAC,111.9422624,-122.1704798,112.1442624,-122.1704798,0.202
B3,R0862,HVAC,112.1442624,-122.1704798,112.1442624,-121.2121464,0.958333333
B3,R0863,HVAC,112.1442624,-121.2121464,112.1442624,-119.3371464,1.875
B3,R0864,LIVING ROOM,124.7790435,-135.1602046,124.7790435,-121.4100631,13.75014152
B3,R0865,LIVING ROOM,124.7790435,-121.4100631,112.5400957,-121.4100631,12.23894774
B3,R0866,LIVING ROOM,112.5400957,-121.4100631,112.5400957,-122.3683964,0.958333333
B3,R0867,LIVING ROOM,112.5400957,-122.3683964,112.3942624,-122.3683964,0.145833333
B3,R0868,LIVING ROOM,112.3942624,-122.3683964,112.3942624,-122.8703964,0.502
B3,R0869,LIVING ROOM,112.3942624,-122.8703964,112.3942624,-127.0019403,4.131543843
B3,R0870,LIVING ROOM,112.3942624,-127.0019403,112.3942624,-130.0091486,3.007208333
B3,R0871,LIVING ROOM,112.3942624,-130.0091486,112.3942624,-134.3320228,4.322874184
B3,R0872,LIVING ROOM,112.3942624,-134.3320228,112.3942624,-135.1602046,0.828181825
B3,R0873,LIVING ROOM,112.3942624,-135.1602046,124.7790435,-135.1602046,12.38478107
B3,R0874,KITCHEN,101.4880124,-127.7122736,101.4880124,-137.2122311,9.499957518
B3,R0875,KITCHEN,101.4880124,-137.2122311,107.1859291,-137.2122311,5.697916667
B3,R0876,KITCHEN,107.1859291,-137.2122311,111.9984291,-137.2122311,4.8125
B3,R0877,KITCHEN,111.9984291,-137.2122311,111.9984291,-135.3581213,1.854109842
B3,R0878,KITCHEN,111.9984291,-135.3581213,111.9984291,-134.3320228,1.026098492
B3,R0879,KITCHEN,111.9984291,-134.3320228,112.3942624,-134.3320228,0.395833333
B3,R0880,KITCHEN,112.3942624,-134.3320228,112.3942624,-130.0091486,4.322874184
B3,R0881,KITCHEN,112.3942624,-130.0091486,111.9984291,-130.0091486,0.395833333
B3,R0882,KITCHEN,111.9984291,-130.0091486,111.9984291,-127.701857,2.307291667
B3,R0883,KITCHEN,111.9984291,-127.701857,111.9422624,-127.701857,0.056166667
B3,R0884,KITCHEN,111.9422624,-127.701857,105.4880124,-127.701857,6.45425
B3,R0885,KITCHEN,105.4880124,-127.701857,105.4880124,-127.7122736,0.010416667
B3,R0886,KITCHEN,105.4880124,-127.7122736,102.3265796,-127.7122736,3.161432834
B3,R0887,KITCHEN,102.3265796,-127.7122736,102.1025957,-127.7122736,0.223983833
B3,R0888,KITCHEN,102.1025957,-127.7122736,101.4880124,-127.7122736,0.614583333
B3,R0889,ENTRY,102.3213457,-122.5663131,102.3213457,-127.3164403,4.750127176
B3,R0890,ENTRY,102.3213457,-127.3164403,105.4880124,-127.3164403,3.166666667
B3,R0891,ENTRY,105.4880124,-127.3164403,105.4880124,-127.3060236,0.010416667
B3,R0892,ENTRY,105.4880124,-127.3060236,112.3942624,-127.3060236,6.90625
B3,R0893,ENTRY,112.3942624,-127.3060236,112.3942624,-122.5663131,4.73971051
B3,R0894,ENTRY,112.3942624,-122.5663131,108.7484291,-122.5663131,3.645833333
B3,R0895,ENTRY,108.7484291,-122.5663131,108.7484291,-119.3371464,3.229166667
B3,R0896,ENTRY,108.7484291,-119.3371464,107.1859291,-119.3371464,1.5625
B3,R0897,ENTRY,107.1859291,-119.3371464,104.9880124,-119.3371464,2.197916667
B3,R0898,ENTRY,104.9880124,-119.3371464,104.9880124,-122.5663131,3.229166667
B3,R0899,ENTRY,104.9880124,-122.5663131,102.3213457,-122.5663131,2.666666667
B4,R0629,BEDROOM 1,-84.48076737,56.31875603,-84.48076737,44.07943553,12.2393205
B4,R0630,BEDROOM 1,-84.48076737,44.07943553,-79.7204354,44.07943553,4.760331973
B4,R0631,BEDROOM 1,-79.7204354,44.07943553,-79.7204354,38.92318553,5.15625
B4,R0632,BEDROOM 1,-79.7204354,38.92318553,-76.21001873,38.92318553,3.510416667
B4,R0633,BEDROOM 1,-76.21001873,38.92318553,-76.21001873,40.48568553,1.5625
B4,R0634,BEDROOM 1,-76.21001873,40.48568553,-76.21001873,44.07943553,3.59375
B4,R0635,BEDROOM 1,-76.21001873,44.07943553,-74.13710206,44.07943553,2.072916667
B4,R0636,BEDROOM 1,-74.13710206,44.07943553,-74.13710206,56.31875603,12.2393205
B4,R0637,BEDROOM 1,-74.13710206,56.31875603,-84.48076737,56.31875603,10.34366531
B4,R0638,CLOSET 1,-84.48076737,43.68360219,-84.48076737,38.92318553,4.760416667
B4,R0639,CLOSET 1,-84.48076737,38.92318553,-80.11626873,38.92318553,4.364498639
B4,R0640,CLOSET 1,-80.11626873,38.92318553,-80.11626873,43.68360219,4.760416667
B4,R0641,CLOSET 1,-80.11626873,43.68360219,-84.48076737,43.68360219,4.364498639
B4,R0642,BATHROOM 1,-84.48076737,38.52735219,-84.48076737,33.02735219,5.5
B4,R0643,BATHROOM 1,-84.48076737,33.02735219,-76.21001873,33.02735219,8.270748639
B4,R0644,BATHROOM 1,-76.21001873,33.02735219,-76.21001873,36.32943553,3.302083333
B4,R0645,BATHROOM 1,-76.21001873,36.32943553,-76.21001873,38.52735219,2.197916667
B4,R0646,BATHROOM 1,-76.21001873,38.52735219,-79.91835206,38.52735219,3.708333333
B4,R0647,BATHROOM 1,-79.91835206,38.52735219,-84.48076737,38.52735219,4.562415306
B4,R0648,BEDROOM 2,-49.2516007,43.94401886,-49.2516007,57.65208936,13.7080705
B4,R0649,BEDROOM 2,-49.2516007,57.65208936,-49.2516007,58.26146436,0.609375
B4,R0650,BEDROOM 2,-49.2516007,58.26146436,-49.2516007,58.9854227,0.723958333
B4,R0651,BEDROOM 2,-49.2516007,58.9854227,-59.59529388,58.9854227,10.34369317
B4,R0652,BEDROOM 2,-59.59529388,58.9854227,-59.59529388,56.92813103,2.057291667
B4,R0653,BEDROOM 2,-59.59529388,56.92813103,-59.59529388,56.87631053,0.051820504
B4,R0654,BEDROOM 2,-59.59529388,56.87631053,-59.59529388,56.42613103,0.450179496
B4,R0655,BEDROOM 2,-59.59529388,56.42613103,-59.59529388,43.93360219,12.49252884
B4,R0656,BEDROOM 2,-59.59529388,43.93360219,-57.54326737,43.93360219,2.052026508
B4,R0657,BEDROOM 2,-57.54326737,43.93360219,-57.54326737,38.92318553,5.010416667
B4,R0658,BEDROOM 2,-57.54326737,38.92318553,-54.02243404,38.92318553,3.520833333
B4,R0659,BEDROOM 2,-54.02243404,38.92318553,-54.02243404,43.94401886,5.020833333
B4,R0660,BEDROOM 2,-54.02243404,43.94401886,-49.2516007,43.94401886,4.770833333
B4,R0661,CLOSET 2,-49.2516007,38.92318553,-49.2516007,43.54818553,4.625
B4,R0662,CLOSET 2,-49.2516007,43.54818553,-53.6266007,43.54818553,4.375
B4,R0663,CLOSET 2,-53.6266007,43.54818553,-53.6266007,38.92318553,4.625
B4,R0664,CLOSET 2,-53.6266007,38.92318553,-49.2516007,38.92318553,4.375
B4,R0665,BATHROOM 2,-49.2516007,33.02735219,-49.2516007,38.52735219,5.5
B4,R0666,BATHROOM 2,-49.2516007,38.52735219,-53.82451737,38.52735219,4.572916667
B4,R0667,BATHROOM 2,-53.82451737,38.52735219,-57.54326737,38.52735219,3.71875
B4,R0668,BATHROOM 2,-57.54326737,38.52735219,-57.54326737,33.02735219,5.5
B4,R0669,BATHROOM 2,-57.54326737,33.02735219,-49.2516007,33.02735219,8.291666667
B4,R0670,HVAC,-75.8141854,43.68360219,-75.8141854,40.68360219,3
B4,R0671,HVAC,-75.8141854,40.68360219,-72.98085206,40.68360219,2.833333333
B4,R0672,HVAC,-72.98085206,40.68360219,-72.98085206,43.48160219,2.798
B4,R0673,HVAC,-72.98085206,43.48160219,-72.98085206,43.68360219,0.202
B4,R0674,HVAC,-72.98085206,43.68360219,-73.9391854,43.68360219,0.958333333
B4,R0675,HVAC,-73.9391854,43.68360219,-75.8141854,43.68360219,1.875
B4,R0676,UTILITY,-75.8141854,33.02735219,-72.98085206,33.02735219,2.833333333
B4,R0677,UTILITY,-72.98085206,33.02735219,-72.98085206,33.64193553,0.614583333
B4,R0678,UTILITY,-72.98085206,33.64193553,-72.98085206,33.86591936,0.223983833
B4,R0679,UTILITY,-72.98085206,33.86591936,-72.98085206,36.13151886,2.265599501
B4,R0680,UTILITY,-72.98085206,36.13151886,-75.8141854,36.13151886,2.833333333
B4,R0681,UTILITY,-75.8141854,36.13151886,-75.8141854,33.02735219,3.104166667
B4,R0682,LIVING ROOM,-59.99112721,56.31875603,-73.74126873,56.31875603,13.75014152
B4,R0683,LIVING ROOM,-73.74126873,56.31875603,-73.74126873,44.07943553,12.2393205
B4,R0684,LIVING ROOM,-73.74126873,44.07943553,-72.7829354,44.07943553,0.958333333
B4,R0685,LIVING ROOM,-72.7829354,44.07943553,-72.7829354,43.93360219,0.145833333
B4,R0686,LIVING ROOM,-72.7829354,43.93360219,-72.2809354,43.93360219,0.502
B4,R0687,LIVING ROOM,-72.2809354,43.93360219,-68.14939155,43.93360219,4.131543843
B4,R0688,LIVING ROOM,-68.14939155,43.93360219,-67.64739155,43.93360219,0.502
B4,R0689,LIVING ROOM,-67.64739155,43.93360219,-65.14218322,43.93360219,2.505208333
B4,R0690,LIVING ROOM,-65.14218322,43.93360219,-60.81930904,43.93360219,4.322874184
B4,R0691,LIVING ROOM,-60.81930904,43.93360219,-59.99112721,43.93360219,0.828181825
B4,R0692,LIVING ROOM,-59.99112721,43.93360219,-59.99112721,56.31875603,12.38515384
B4,R0693,KITCHEN,-67.43905822,33.02735219,-57.9391007,33.02735219,9.499957518
B4,R0694,KITCHEN,-57.9391007,33.02735219,-57.9391007,38.72526886,5.697916667
B4,R0695,KITCHEN,-57.9391007,38.72526886,-57.9391007,43.53776886,4.8125
B4,R0696,KITCHEN,-57.9391007,43.53776886,-59.79321054,43.53776886,1.854109842
B4,R0697,KITCHEN,-59.79321054,43.53776886,-60.81930904,43.53776886,1.026098492
B4,R0698,KITCHEN,-60.81930904,43.53776886,-60.81930904,43.93360219,0.395833333
B4,R0699,KITCHEN,-60.81930904,43.93360219,-65.14218322,43.93360219,4.322874184
B4,R0700,KITCHEN,-65.14218322,43.93360219,-65.14218322,43.53776886,0.395833333
B4,R0701,KITCHEN,-65.14218322,43.53776886,-67.44947489,43.53776886,2.307291667
B4,R0702,KITCHEN,-67.44947489,43.53776886,-67.44947489,43.48160219,0.056166667
B4,R0703,KITCHEN,-67.44947489,43.48160219,-67.44947489,37.02735219,6.45425
B4,R0704,KITCHEN,-67.44947489,37.02735219,-67.43905822,37.02735219,0.010416667
B4,R0705,KITCHEN,-67.43905822,37.02735219,-67.43905822,33.86591936,3.161432834
B4,R0706,KITCHEN,-67.43905822,33.86591936,-67.43905822,33.64193553,0.223983833
B4,R0707,KITCHEN,-67.43905822,33.64193553,-67.43905822,33.02735219,0.614583333
B4,R0708,ENTRY,-72.58501873,33.86068553,-67.83489155,33.86068553,4.750127176
B4,R0709,ENTRY,-67.83489155,33.86068553,-67.83489155,37.02735219,3.166666667
B4,R0710,ENTRY,-67.83489155,37.02735219,-67.84530822,37.02735219,0.010416667
B4,R0711,ENTRY,-67.84530822,37.02735219,-67.84530822,43.93360219,6.90625
B4,R0712,ENTRY,-67.84530822,43.93360219,-72.58501873,43.93360219,4.73971051
B4,R0713,ENTRY,-72.58501873,43.93360219,-72.58501873,40.28776886,3.645833333
B4,R0714,ENTRY,-72.58501873,40.28776886,-75.8141854,40.28776886,3.229166667
B4,R0715,ENTRY,-75.8141854,40.28776886,-75.8141854,38.72526886,1.5625
B4,R0716,ENTRY,-75.8141854,38.72526886,-75.8141854,36.52735219,2.197916667
B4,R0717,ENTRY,-75.8141854,36.52735219,-72.58501873,36.52735219,3.229166667
B4,R0718,ENTRY,-72.58501873,36.52735219,-72.58501873,33.86068553,2.666666667
C,R0001,LIVING ROOM,102.2587313,-279.3834568,102.2587313,-281.5969985,2.213541667
C,R0002,LIVING ROOM,102.2587313,-281.5969985,114.0088728,-281.5969985,11.75014152
C,R0003,LIVING ROOM,114.0088728,-281.5969985,114.0088728,-281.175149,0.421849501
C,R0004,LIVING ROOM,114.0088728,-281.175149,114.0088728,-280.8730401,0.302108833
C,R0005,LIVING ROOM,114.0088728,-280.8730401,114.0088728,-280.2147901,0.65825
C,R0006,LIVING ROOM,114.0088728,-280.2147901,114.0088728,-267.0351478,13.17964233
C,R0007,LIVING ROOM,114.0088728,-267.0351478,113.1858993,-267.0351478,0.822973492
C,R0008,LIVING ROOM,113.1858993,-267.0351478,107.7061268,-267.0351478,5.479772503
C,R0009,LIVING ROOM,107.7061268,-267.0351478,107.7061268,-266.6907468,0.344401042
C,R0010,LIVING ROOM,107.7061268,-266.6907468,103.4430229,-266.6907468,4.263103858
C,R0011,LIVING ROOM,103.4430229,-266.6907468,102.9410229,-266.6907468,0.502
C,R0012,LIVING ROOM,102.9410229,-266.6907468,102.2587313,-266.6907468,0.682291667
C,R0013,LIVING ROOM,102.2587313,-266.6907468,102.2587313,-278.8814568,12.19071004
C,R0014,LIVING ROOM,102.2587313,-278.8814568,102.2587313,-279.3834568,0.502
C,R0262,KITCHEN,116.1858993,-258.4726478,107.9040435,-258.4726478,8.281855837
C,R0263,KITCHEN,107.9040435,-258.4726478,107.9040435,-260.9934811,2.520833333
C,R0264,KITCHEN,107.9040435,-260.9934811,107.5082101,-260.9934811,0.395833333
C,R0265,KITCHEN,107.5082101,-260.9934811,107.5082101,-264.2538978,3.260416667
C,R0266,KITCHEN,107.5082101,-264.2538978,107.9040435,-264.2538978,0.395833333
C,R0267,KITCHEN,107.9040435,-264.2538978,107.9040435,-266.4726478,2.21875
C,R0268,KITCHEN,107.9040435,-266.4726478,113.1858993,-266.4726478,5.281855837
C,R0269,KITCHEN,113.1858993,-266.4726478,114.2067895,-266.4726478,1.020890158
C,R0270,KITCHEN,114.2067895,-266.4726478,116.1858993,-266.4726478,1.979109842
C,R0271,KITCHEN,116.1858993,-266.4726478,116.1858993,-262.4719968,4.000651042
C,R0272,KITCHEN,116.1858993,-262.4719968,116.1858993,-258.4726478,3.999348958
C,R0273,ENTRY,107.6123768,-256.4719968,103.1649813,-256.4719968,4.447395524
C,R0274,ENTRY,103.1649813,-256.4719968,103.1649813,-259.2844968,2.8125
C,R0275,ENTRY,103.1649813,-259.2844968,99.9358146,-259.2844968,3.229166667
C,R0276,ENTRY,99.9358146,-259.2844968,99.9358146,-261.3365801,2.052083333
C,R0277,ENTRY,99.9358146,-261.3365801,99.9358146,-262.5344968,1.197916667
C,R0278,ENTRY,99.9358146,-262.5344968,103.1649813,-262.5344968,3.229166667
C,R0279,ENTRY,103.1649813,-262.5344968,103.1649813,-265.6022051,3.067708333
C,R0280,ENTRY,103.1649813,-265.6022051,103.1649813,-266.6907468,1.088541667
C,R0281,ENTRY,103.1649813,-266.6907468,107.5082101,-266.6907468,4.343228858
C,R0282,ENTRY,107.5082101,-266.6907468,107.5082101,-264.2538978,2.436848958
C,R0283,ENTRY,107.5082101,-264.2538978,107.5082101,-260.9934811,3.260416667
C,R0284,ENTRY,107.5082101,-260.9934811,107.5082101,-258.4017311,2.59175
C,R0285,ENTRY,107.5082101,-258.4017311,107.5082101,-257.8997311,0.502
C,R0286,ENTRY,107.5082101,-257.8997311,107.6123768,-257.8997311,0.104166667
C,R0287,ENTRY,107.6123768,-257.8997311,107.6123768,-256.4719968,1.427734375
C,R0288,BEDROOM 2,91.51923263,-266.6907468,91.51923263,-278.9303318,12.23958504
C,R0289,BEDROOM 2,91.51923263,-278.9303318,101.8628979,-278.9303318,10.34366531
C,R0290,BEDROOM 2,101.8628979,-278.9303318,101.8628979,-266.6907468,12.23958504
C,R0291,BEDROOM 2,101.8628979,-266.6907468,99.53998127,-266.6907468,2.322916667
C,R0292,BEDROOM 2,99.53998127,-266.6907468,99.53998127,-265.6022051,1.088541667
C,R0293,BEDROOM 2,99.53998127,-265.6022051,99.53998127,-262.7324134,2.869791667
C,R0294,BEDROOM 2,99.53998127,-262.7324134,99.53998127,-261.5344968,1.197916667
C,R0295,BEDROOM 2,99.53998127,-261.5344968,96.0295646,-261.5344968,3.510416667
C,R0296,BEDROOM 2,96.0295646,-261.5344968,96.0295646,-266.6907468,5.15625
C,R0297,BEDROOM 2,96.0295646,-266.6907468,91.51923263,-266.6907468,4.510331972
C,R0298,CLOSET 2,91.51923263,-261.5344968,91.51923263,-266.2949134,4.760416667
C,R0299,CLOSET 2,91.51923263,-266.2949134,95.63373127,-266.2949134,4.114498639
C,R0300,CLOSET 2,95.63373127,-266.2949134,95.63373127,-261.5344968,4.760416667
C,R0301,CLOSET 2,95.63373127,-261.5344968,91.51923263,-261.5344968,4.114498639
C,R0302,BATHROOM 2,91.51923263,-255.6386634,91.51923263,-261.1386634,5.5
C,R0303,BATHROOM 2,91.51923263,-261.1386634,95.83164794,-261.1386634,4.312415306
C,R0304,BATHROOM 2,95.83164794,-261.1386634,99.53998127,-261.1386634,3.708333333
C,R0305,BATHROOM 2,99.53998127,-261.1386634,99.53998127,-259.0865801,2.052083333
C,R0306,BATHROOM 2,99.53998127,-259.0865801,99.53998127,-255.6386634,3.447916667
C,R0307,BATHROOM 2,99.53998127,-255.6386634,91.51923263,-255.6386634,8.020748639
C,R0308,BEDROOM 1,114.4047061,-280.2636651,115.2328566,-280.2636651,0.828150499
C,R0309,BEDROOM 1,115.2328566,-280.2636651,126.1123768,-280.2636651,10.87952017
C,R0310,BEDROOM 1,126.1123768,-280.2636651,126.1123768,-267.4570228,12.80664233
C,R0311,BEDROOM 1,126.1123768,-267.4570228,126.1123768,-267.2434811,0.213541667
C,R0312,BEDROOM 1,126.1123768,-267.2434811,120.3623768,-267.2434811,5.75
C,R0313,BEDROOM 1,120.3623768,-267.2434811,120.3623768,-262.6699134,4.573567708
C,R0314,BEDROOM 1,120.3623768,-262.6699134,116.7483993,-262.6699134,3.613977497
C,R0315,BEDROOM 1,116.7483993,-262.6699134,116.7483993,-267.0351478,4.365234375
C,R0316,BEDROOM 1,116.7483993,-267.0351478,114.4047061,-267.0351478,2.343693175
C,R0317,BEDROOM 1,114.4047061,-267.0351478,114.4047061,-280.2636651,13.22851733
C,R0318,BATHROOM 1,128.7790435,-263.9726478,128.7790435,-258.4726478,5.5
C,R0319,BATHROOM 1,128.7790435,-258.4726478,120.7582101,-258.4726478,8.020833333
C,R0320,BATHROOM 1,120.7582101,-258.4726478,120.7582101,-262.4719968,3.999348958
C,R0321,BATHROOM 1,120.7582101,-262.4719968,120.7582101,-266.8476478,4.375651042
C,R0322,BATHROOM 1,120.7582101,-266.8476478,126.107143,-266.8476478,5.348932834
C,R0323,BATHROOM 1,126.107143,-266.8476478,126.1123768,-266.8476478,0.005233833
C,R0324,BATHROOM 1,126.1123768,-266.8476478,126.1123768,-263.9726478,2.875
C,R0325,BATHROOM 1,126.1123768,-263.9726478,128.7790435,-263.9726478,2.666666667
C,R0326,CLOSET 1,120.3623768,-258.4726478,116.7483993,-258.4726478,3.613977497
C,R0327,CLOSET 1,116.7483993,-258.4726478,116.7483993,-262.2740801,3.801432292
C,R0328,CLOSET 1,116.7483993,-262.2740801,120.3623768,-262.2740801,3.613977497
C,R0329,CLOSET 1,120.3623768,-262.2740801,120.3623768,-258.4726478,3.801432292
C,R0330,LINEN,128.7790435,-266.8476478,128.7790435,-264.3684811,2.479166667
C,R0331,LINEN,128.7790435,-264.3684811,126.5082101,-264.3684811,2.270833333
C,R0332,LINEN,126.5082101,-264.3684811,126.5082101,-266.8476478,2.479166667
C,R0333,LINEN,126.5082101,-266.8476478,128.7790435,-266.8476478,2.270833333
C,R0581,UTILITY,102.7692326,-256.2532468,102.7692326,-255.6386634,0.614583333
C,R0582,UTILITY,102.7692326,-255.6386634,99.9358146,-255.6386634,2.833418028
C,R0583,UTILITY,99.9358146,-255.6386634,99.9358146,-258.8886634,3.25
C,R0584,UTILITY,99.9358146,-258.8886634,102.7691479,-258.8886634,2.833333333
C,R0585,UTILITY,102.7691479,-258.8886634,102.7691479,-256.4772306,2.411432834
C,R0586,UTILITY,102.7691479,-256.4772306,102.7691479,-256.2532468,0.223983833
C,R0587,HVAC,99.9358146,-262.9303301,99.9358146,-265.3782468,2.447916667
C,R0588,HVAC,99.9358146,-265.3782468,102.7691479,-265.3782468,2.833333333
C,R0589,HVAC,102.7691479,-265.3782468,102.7691479,-262.9303301,2.447916667
C,R0590,HVAC,102.7691479,-262.9303301,99.9358146,-262.9303301,2.833333333
D,R0505,ENTRY,93.94634573,-25.87895463,93.94634573,-21.39966079,4.479293843
D,R0506,ENTRY,93.94634573,-21.39966079,92.16509573,-21.39966079,1.78125
D,R0507,ENTRY,92.16509573,-21.39966079,92.16509573,-21.00382746,0.395833333
D,R0508,ENTRY,92.16509573,-21.00382746,89.02967906,-21.00382746,3.135416667
D,R0509,ENTRY,89.02967906,-21.00382746,87.85259573,-21.00382746,1.177083333
D,R0510,ENTRY,87.85259573,-21.00382746,87.85259573,-20.70178661,0.302040851
D,R0511,ENTRY,87.85259573,-20.70178661,83.72759573,-20.70178661,4.125
D,R0512,ENTRY,83.72759573,-20.70178661,83.72759573,-25.87895463,5.177168028
D,R0513,ENTRY,83.72759573,-25.87895463,87.85259573,-25.87895463,4.125
D,R0514,ENTRY,87.85259573,-25.87895463,87.85259573,-29.1081213,3.229166667
D,R0515,ENTRY,87.85259573,-29.1081213,89.08176239,-29.1081213,1.229166667
D,R0516,ENTRY,89.08176239,-29.1081213,91.13384573,-29.1081213,2.052083333
D,R0517,ENTRY,91.13384573,-29.1081213,91.13384573,-25.87895463,3.229166667
D,R0518,ENTRY,91.13384573,-25.87895463,93.94634573,-25.87895463,2.8125
D,R0519,KITCHEN,94.16509573,-21.00382746,94.77967906,-21.00382746,0.614583333
D,R0520,KITCHEN,94.77967906,-21.00382746,94.77967906,-12.87886994,8.124957518
D,R0521,KITCHEN,94.77967906,-12.87886994,89.08176239,-12.87886994,5.697916667
D,R0522,KITCHEN,89.08176239,-12.87886994,84.02967906,-12.87886994,5.052083333
D,R0523,KITCHEN,84.02967906,-12.87886994,84.02967906,-14.83714645,1.958276508
D,R0524,KITCHEN,84.02967906,-14.83714645,83.72759573,-14.83714645,0.302083333
D,R0525,KITCHEN,83.72759573,-14.83714645,83.72759573,-20.30595327,5.468806825
D,R0526,KITCHEN,83.72759573,-20.30595327,87.85259573,-20.30595327,4.125
D,R0527,KITCHEN,87.85259573,-20.30595327,89.02967906,-20.30595327,1.177083333
D,R0528,KITCHEN,89.02967906,-20.30595327,89.02967906,-21.00382746,0.697874184
D,R0529,KITCHEN,89.02967906,-21.00382746,92.16509573,-21.00382746,3.135416667
D,R0530,KITCHEN,92.16509573,-21.00382746,93.94111189,-21.00382746,1.776016167
D,R0531,KITCHEN,93.94111189,-21.00382746,94.16509573,-21.00382746,0.223983833
D,R0532,LIVING ROOM,71.48801239,-15.03506311,71.48801239,-26.78520463,11.75014152
D,R0533,LIVING ROOM,71.48801239,-26.78520463,83.72759573,-26.78520463,12.23958333
D,R0534,LIVING ROOM,83.72759573,-26.78520463,83.72759573,-26.0768713,0.708333333
D,R0535,LIVING ROOM,83.72759573,-26.0768713,83.72759573,-25.5748713,0.502
D,R0536,LIVING ROOM,83.72759573,-25.5748713,83.72759573,-21.00586994,4.569001361
D,R0537,LIVING ROOM,83.72759573,-21.00586994,83.72759573,-20.00186994,1.004
D,R0538,LIVING ROOM,83.72759573,-20.00186994,83.72759573,-15.03506311,4.966806825
D,R0539,LIVING ROOM,83.72759573,-15.03506311,71.48801239,-15.03506311,12.23958333
D,R0540,BEDROOM 1,70.15467906,-37.52473114,83.72759573,-37.52473114,13.57291667
D,R0541,BEDROOM 1,83.72759573,-37.52473114,83.72759573,-33.0143713,4.510359842
D,R0542,BEDROOM 1,83.72759573,-33.0143713,88.88384573,-33.0143713,5.15625
D,R0543,BEDROOM 1,88.88384573,-33.0143713,88.88384573,-29.50395463,3.510416667
D,R0544,BEDROOM 1,88.88384573,-29.50395463,87.65467906,-29.50395463,1.229166667
D,R0545,BEDROOM 1,87.65467906,-29.50395463,83.72759573,-29.50395463,3.927083333
D,R0546,BEDROOM 1,83.72759573,-29.50395463,83.72759573,-27.18103797,2.322916667
D,R0547,BEDROOM 1,83.72759573,-27.18103797,71.53167906,-27.18103797,12.19591667
D,R0548,BEDROOM 1,71.53167906,-27.18103797,71.02967906,-27.18103797,0.502
D,R0549,BEDROOM 1,71.02967906,-27.18103797,70.15467906,-27.18103797,0.875
D,R0550,BEDROOM 1,70.15467906,-27.18103797,70.15467906,-37.52473114,10.34369317
D,R0551,CLOSET 1,84.12342906,-37.52473114,88.88384573,-37.52473114,4.760416667
D,R0552,CLOSET 1,88.88384573,-37.52473114,88.88384573,-33.41020463,4.114526508
D,R0553,CLOSET 1,88.88384573,-33.41020463,84.12342906,-33.41020463,4.760416667
D,R0554,CLOSET 1,84.12342906,-33.41020463,84.12342906,-37.52473114,4.114526508
D,R0555,BATHROOM 1,89.27967906,-37.52473114,94.77967906,-37.52473114,5.5
D,R0556,BATHROOM 1,94.77967906,-37.52473114,94.77967906,-29.50395463,8.020776508
D,R0557,BATHROOM 1,94.77967906,-29.50395463,91.33176239,-29.50395463,3.447916667
D,R0558,BATHROOM 1,91.33176239,-29.50395463,89.27967906,-29.50395463,2.052083333
D,R0559,BATHROOM 1,89.27967906,-29.50395463,89.27967906,-33.21228797,3.708333333
D,R0560,BATHROOM 1,89.27967906,-33.21228797,89.27967906,-37.52473114,4.312443175
D,R0561,BEDROOM 2,83.62342906,-4.295564475,81.08176239,-4.295564475,2.541666667
D,R0562,BEDROOM 2,81.08176239,-4.295564475,70.15467906,-4.295564475,10.92708333
D,R0563,BEDROOM 2,70.15467906,-4.295564475,70.15467906,-14.63922978,10.34366531
D,R0564,BEDROOM 2,70.15467906,-14.63922978,71.02967906,-14.63922978,0.875
D,R0565,BEDROOM 2,71.02967906,-14.63922978,71.53167906,-14.63922978,0.502
D,R0566,BEDROOM 2,71.53167906,-14.63922978,83.63384573,-14.63922978,12.10216667
D,R0567,BEDROOM 2,83.63384573,-14.63922978,83.63384573,-12.31636994,2.322859842
D,R0568,BEDROOM 2,83.63384573,-12.31636994,88.88384573,-12.31636994,5.25
D,R0569,BEDROOM 2,88.88384573,-12.31636994,88.88384573,-8.795536606,3.520833333
D,R0570,BEDROOM 2,88.88384573,-8.795536606,83.62342906,-8.795536606,5.260416667
D,R0571,BEDROOM 2,83.62342906,-8.795536606,83.62342906,-4.295564475,4.499972131
D,R0572,CLOSET 2,88.88384573,-4.295564475,84.01926239,-4.295564475,4.864583333
D,R0573,CLOSET 2,84.01926239,-4.295564475,84.01926239,-8.399703272,4.104138798
D,R0574,CLOSET 2,84.01926239,-8.399703272,88.88384573,-8.399703272,4.864583333
D,R0575,CLOSET 2,88.88384573,-8.399703272,88.88384573,-4.295564475,4.104138798
D,R0576,BATHROOM 2,94.77967906,-4.295564475,89.27967906,-4.295564475,5.5
D,R0577,BATHROOM 2,89.27967906,-4.295564475,89.27967906,-8.597619939,4.302055464
D,R0578,BATHROOM 2,89.27967906,-8.597619939,89.27967906,-12.31636994,3.71875
D,R0579,BATHROOM 2,89.27967906,-12.31636994,94.77967906,-12.31636994,5.5
D,R0580,BATHROOM 2,94.77967906,-12.31636994,94.77967906,-4.295564475,8.020805464
D,R0612,HVAC,84.12342906,-29.1081213,87.45676239,-29.1081213,3.333333333
D,R0613,HVAC,87.45676239,-29.1081213,87.45676239,-26.27478797,2.833333333
D,R0614,HVAC,87.45676239,-26.27478797,84.17959573,-26.27478797,3.277166667
D,R0615,HVAC,84.17959573,-26.27478797,84.12342906,-26.27478797,0.056166667
D,R0616,HVAC,84.12342906,-26.27478797,84.12342906,-26.9831213,0.708333333
D,R0617,HVAC,84.12342906,-26.9831213,84.12342906,-29.1081213,2.125
D,R0618,UTILITY,94.77967906,-29.1081213,94.77967906,-26.27478797,2.833333333
D,R0619,UTILITY,94.77967906,-26.27478797,94.16509573,-26.27478797,0.614583333
D,R0620,UTILITY,94.16509573,-26.27478797,93.94111189,-26.27478797,0.223983833
D,R0621,UTILITY,93.94111189,-26.27478797,91.52967906,-26.27478797,2.411432834
D,R0622,UTILITY,91.52967906,-26.27478797,91.52967906,-29.1081213,2.833333333
D,R0623,UTILITY,91.52967906,-29.1081213,94.77967906,-29.1081213,3.25
D2,R0900,BEDROOM 1,79.65988739,-105.5247311,83.62342906,-105.5247311,3.963541667
D2,R0901,BEDROOM 1,83.62342906,-105.5247311,83.62342906,-101.024759,4.499972131
D2,R0902,BEDROOM 1,83.62342906,-101.024759,88.88384573,-101.024759,5.260416667
D2,R0903,BEDROOM 1,88.88384573,-101.024759,88.88384573,-97.50392568,3.520833333
D2,R0904,BEDROOM 1,88.88384573,-97.50392568,83.63384573,-97.50392568,5.25
D2,R0905,BEDROOM 1,83.63384573,-97.50392568,83.63384573,-95.18106584,2.322859842
D2,R0906,BEDROOM 1,83.63384573,-95.18106584,71.53167906,-95.18106584,12.10216667
D2,R0907,BEDROOM 1,71.53167906,-95.18106584,71.13384573,-95.18106584,0.397833333
D2,R0908,BEDROOM 1,71.13384573,-95.18106584,71.02967906,-95.18106584,0.104166667
D2,R0909,BEDROOM 1,71.02967906,-95.18106584,70.15467906,-95.18106584,0.875
D2,R0910,BEDROOM 1,70.15467906,-95.18106584,70.15467906,-105.5247311,10.34366531
D2,R0911,BEDROOM 1,70.15467906,-105.5247311,73.21717906,-105.5247311,3.0625
D2,R0912,BEDROOM 1,73.21717906,-105.5247311,79.65988739,-105.5247311,6.442708333
D2,R0913,CLOSET 1,84.01926239,-105.5247311,88.88384573,-105.5247311,4.864583333
D2,R0914,CLOSET 1,88.88384573,-105.5247311,88.88384573,-101.4205923,4.104138798
D2,R0915,CLOSET 1,88.88384573,-101.4205923,84.01926239,-101.4205923,4.864583333
D2,R0916,CLOSET 1,84.01926239,-101.4205923,84.01926239,-105.5247311,4.104138798
D2,R0917,BATHROOM 1,94.77967906,-105.5247311,94.77967906,-97.50392568,8.020805464
D2,R0918,BATHROOM 1,94.77967906,-97.50392568,89.27967906,-97.50392568,5.5
D2,R0919,BATHROOM 1,89.27967906,-97.50392568,89.27967906,-101.2226757,3.71875
D2,R0920,BATHROOM 1,89.27967906,-101.2226757,89.27967906,-105.5247311,4.302055464
D2,R0921,BATHROOM 1,89.27967906,-105.5247311,90.16830406,-105.5247311,0.888625
D2,R0922,BATHROOM 1,90.16830406,-105.5247311,90.21717906,-105.5247311,0.048875
D2,R0923,BATHROOM 1,90.21717906,-105.5247311,90.67030406,-105.5247311,0.453125
D2,R0924,BATHROOM 1,90.67030406,-105.5247311,94.77967906,-105.5247311,4.109375
D2,R0925,BEDROOM 2,83.72759573,-72.29556447,69.50363739,-72.29556447,14.22395833
D2,R0926,BEDROOM 2,69.50363739,-72.29556447,69.50363739,-71.73306447,0.5625
D2,R0927,BEDROOM 2,69.50363739,-71.73306447,68.82134573,-71.73306447,0.682291667
D2,R0928,BEDROOM 2,68.82134573,-71.73306447,68.82134573,-82.63925765,10.90619317
D2,R0929,BEDROOM 2,68.82134573,-82.63925765,71.02967906,-82.63925765,2.208333333
D2,R0930,BEDROOM 2,71.02967906,-82.63925765,71.13384573,-82.63925765,0.104166667
D2,R0931,BEDROOM 2,71.13384573,-82.63925765,71.53167906,-82.63925765,0.397833333
D2,R0932,BEDROOM 2,71.53167906,-82.63925765,83.72759573,-82.63925765,12.19591667
D2,R0933,BEDROOM 2,83.72759573,-82.63925765,83.72759573,-80.31634098,2.322916667
D2,R0934,BEDROOM 2,83.72759573,-80.31634098,87.58176239,-80.31634098,3.854166667
D2,R0935,BEDROOM 2,87.58176239,-80.31634098,88.88384573,-80.31634098,1.302083333
D2,R0936,BEDROOM 2,88.88384573,-80.31634098,88.88384573,-76.80592432,3.510416667
D2,R0937,BEDROOM 2,88.88384573,-76.80592432,83.72759573,-76.80592432,5.15625
D2,R0938,BEDROOM 2,83.72759573,-76.80592432,83.72759573,-72.29556447,4.510359842
D2,R0939,CLOSET 2,88.88384573,-72.29556447,84.12342906,-72.29556447,4.760416667
D2,R0940,CLOSET 2,84.12342906,-72.29556447,84.12342906,-76.41009098,4.114526508
D2,R0941,CLOSET 2,84.12342906,-76.41009098,88.88384573,-76.41009098,4.760416667
D2,R0942,CLOSET 2,88.88384573,-76.41009098,88.88384573,-72.29556447,4.114526508
D2,R0943,BATHROOM 2,94.77967906,-72.29556447,89.27967906,-72.29556447,5.5
D2,R0944,BATHROOM 2,89.27967906,-72.29556447,89.27967906,-76.60800765,4.312443175
D2,R0945,BATHROOM 2,89.27967906,-76.60800765,89.27967906,-80.31634098,3.708333333
D2,R0946,BATHROOM 2,89.27967906,-80.31634098,91.73801239,-80.31634098,2.458333333
D2,R0947,BATHROOM 2,91.73801239,-80.31634098,94.77967906,-80.31634098,3.041666667
D2,R0948,BATHROOM 2,94.77967906,-80.31634098,94.77967906,-72.29556447,8.020776508
D2,R0949,UTILITIES,87.38384573,-83.54550765,87.38384573,-80.71217432,2.833333333
D2,R0950,UTILITIES,87.38384573,-80.71217432,84.12342906,-80.71217432,3.260416667
D2,R0951,UTILITIES,84.12342906,-80.71217432,84.12342906,-82.83717432,2.125
D2,R0952,UTILITIES,84.12342906,-82.83717432,84.12342906,-83.54550765,0.708333333
D2,R0953,UTILITIES,84.12342906,-83.54550765,84.17959573,-83.54550765,0.056166667
D2,R0954,UTILITIES,84.17959573,-83.54550765,87.38384573,-83.54550765,3.20425
D2,R0955,HVAC,94.77967906,-83.54550765,94.77967906,-80.71217432,2.833333333
D2,R0956,HVAC,94.77967906,-80.71217432,91.93592906,-80.71217432,2.84375
D2,R0957,HVAC,91.93592906,-80.71217432,91.93592906,-83.54550765,2.833333333
D2,R0958,HVAC,91.93592906,-83.54550765,93.94111189,-83.54550765,2.005182834
D2,R0959,HVAC,93.94111189,-83.54550765,94.16509573,-83.54550765,0.223983833
D2,R0960,HVAC,94.16509573,-83.54550765,94.77967906,-83.54550765,0.614583333
D2,R0961,LIVING ROOM,71.48801239,-83.03509098,71.48801239,-94.7852325,11.75014152
D2,R0962,LIVING ROOM,71.48801239,-94.7852325,83.72759573,-94.7852325,12.23958333
D2,R0963,LIVING ROOM,83.72759573,-94.7852325,83.72759573,-89.70178661,5.083445897
D2,R0964,LIVING ROOM,83.72759573,-89.70178661,83.72759573,-88.81442568,0.887360929
D2,R0965,LIVING ROOM,83.72759573,-88.81442568,83.72759573,-84.24542432,4.569001361
D2,R0966,LIVING ROOM,83.72759573,-84.24542432,83.72759573,-83.74342432,0.502
D2,R0967,LIVING ROOM,83.72759573,-83.74342432,83.72759573,-83.03509098,0.708333333
D2,R0968,LIVING ROOM,83.72759573,-83.03509098,71.48801239,-83.03509098,12.23958333
D2,R0969,KITCHEN,94.77967906,-97.10809234,94.77967906,-88.81646816,8.291624184
D2,R0970,KITCHEN,94.77967906,-88.81646816,94.16509573,-88.81646816,0.614583333
D2,R0971,KITCHEN,94.16509573,-88.81646816,93.94111189,-88.81646816,0.223983833
D2,R0972,KITCHEN,93.94111189,-88.81646816,92.16509573,-88.81646816,1.776016167
D2,R0973,KITCHEN,92.16509573,-88.81646816,89.02967906,-88.81646816,3.135416667
D2,R0974,KITCHEN,89.02967906,-88.81646816,89.02967906,-89.51434234,0.697874184
D2,R0975,KITCHEN,89.02967906,-89.51434234,85.43592906,-89.51434234,3.59375
D2,R0976,KITCHEN,85.43592906,-89.51434234,85.43592906,-89.70178661,0.187444262
D2,R0977,KITCHEN,85.43592906,-89.70178661,83.72759573,-89.70178661,1.708333333
D2,R0978,KITCHEN,83.72759573,-89.70178661,83.72759573,-94.98314917,5.281362563
D2,R0979,KITCHEN,83.72759573,-94.98314917,84.02967906,-94.98314917,0.302083333
D2,R0980,KITCHEN,84.02967906,-94.98314917,84.02967906,-97.10809234,2.124943175
D2,R0981,KITCHEN,84.02967906,-97.10809234,89.08176239,-97.10809234,5.052083333
D2,R0982,KITCHEN,89.08176239,-97.10809234,94.77967906,-97.10809234,5.697916667
D2,R0983,ENTRY,93.94634573,-88.42063483,93.94634573,-83.94134098,4.479293843
D2,R0984,ENTRY,93.94634573,-83.94134098,91.54009573,-83.94134098,2.40625
D2,R0985,ENTRY,91.54009573,-83.94134098,91.54009573,-80.71217432,3.229166667
D2,R0986,ENTRY,91.54009573,-80.71217432,89.08176239,-80.71217432,2.458333333
D2,R0987,ENTRY,89.08176239,-80.71217432,87.77967906,-80.71217432,1.302083333
D2,R0988,ENTRY,87.77967906,-80.71217432,87.77967906,-83.94134098,3.229166667
D2,R0989,ENTRY,87.77967906,-83.94134098,83.72759573,-83.94134098,4.052083333
D2,R0990,ENTRY,83.72759573,-83.94134098,83.72759573,-89.11850901,5.177168028
D2,R0991,ENTRY,83.72759573,-89.11850901,85.43592906,-89.11850901,1.708333333
D2,R0992,ENTRY,85.43592906,-89.11850901,89.02967906,-89.11850901,3.59375
D2,R0993,ENTRY,89.02967906,-89.11850901,89.02967906,-88.81646816,0.302040851
D2,R0994,ENTRY,89.02967906,-88.81646816,92.16509573,-88.81646816,3.135416667
D2,R0995,ENTRY,92.16509573,-88.81646816,92.16509573,-88.42063483,0.395833333
D2,R0996,ENTRY,92.16509573,-88.42063483,93.94634573,-88.42063483,1.78125
D3,R0997,BEDROOM 1,-11.2516007,-280.7219985,-11.2516007,-266.6393145,14.082684
D3,R0998,BEDROOM 1,-11.2516007,-266.6393145,-15.76193268,-266.6393145,4.510331972
D3,R0999,BEDROOM 1,-15.76193268,-266.6393145,-15.76193268,-261.5344968,5.104817708
D3,R1000,BEDROOM 1,-15.76193268,-261.5344968,-19.27234934,-261.5344968,3.510416667
D3,R1001,BEDROOM 1,-19.27234934,-261.5344968,-19.27234934,-262.7122311,1.177734375
D3,R1002,BEDROOM 1,-19.27234934,-262.7122311,-19.27234934,-265.5819973,2.869766167
D3,R1003,BEDROOM 1,-19.27234934,-265.5819973,-19.27234934,-265.8111895,0.229192166
D3,R1004,BEDROOM 1,-19.27234934,-265.8111895,-19.27234934,-266.8997311,1.088541667
D3,R1005,BEDROOM 1,-19.27234934,-266.8997311,-21.59526601,-266.8997311,2.322916667
D3,R1006,BEDROOM 1,-21.59526601,-266.8997311,-21.59526601,-279.3886651,12.488934
D3,R1007,BEDROOM 1,-21.59529388,-279.3886651,-21.59529388,-282.9303318,3.541666667
D3,R1008,BEDROOM 1,-21.59529388,-282.9303318,-11.2516007,-282.9303318,10.34369317
D3,R1009,BEDROOM 1,-11.2516007,-282.9303318,-11.2516007,-280.7219985,2.208333333
D3,R1010,CLOSET 1,-11.2516007,-266.2434811,-11.2516007,-261.5344968,4.708984375
D3,R1011,CLOSET 1,-11.2516007,-261.5344968,-15.36609934,-261.5344968,4.114498639
D3,R1012,CLOSET 1,-15.36609934,-261.5344968,-15.36609934,-266.2434811,4.708984375
D3,R1013,CLOSET 1,-15.36609934,-266.2434811,-11.2516007,-266.2434811,4.114498639
D3,R1014,BATHROOM 1,-11.2516007,-261.1386634,-11.2516007,-255.6386634,5.5
D3,R1015,BATHROOM 1,-11.2516007,-255.6386634,-19.27234934,-255.6386634,8.020748639
D3,R1016,BATHROOM 1,-19.27234934,-255.6386634,-19.27234934,-259.0865801,3.447916667
D3,R1017,BATHROOM 1,-19.27234934,-259.0865801,-19.27234934,-261.1386634,2.052083333
D3,R1018,BATHROOM 1,-19.27234934,-261.1386634,-15.56401601,-261.1386634,3.708333333
D3,R1019,BATHROOM 1,-15.56401601,-261.1386634,-11.2516007,-261.1386634,4.312415306
D3,R1020,HVAC,-19.66818268,-265.5872311,-19.66818268,-262.9101478,2.677083333
D3,R1021,HVAC,-19.66818268,-262.9101478,-22.50151601,-262.9101478,2.833333333
D3,R1022,HVAC,-22.50151601,-262.9101478,-22.50151601,-265.5872311,2.677083333
D3,R1023,HVAC,-22.50151601,-265.5872311,-19.66818268,-265.5872311,2.833333333
D3,R1024,UTILITY,-19.66818268,-258.8886634,-19.66818268,-255.6386634,3.25
D3,R1025,UTILITY,-19.66818268,-255.6386634,-22.50151601,-255.6386634,2.833333333
D3,R1026,UTILITY,-22.50151601,-255.6386634,-22.50151601,-256.2532468,0.614583333
D3,R1027,UTILITY,-22.50151601,-256.2532468,-22.50151601,-258.8886634,2.635416667
D3,R1028,UTILITY,-22.50151601,-258.8886634,-19.66818268,-258.8886634,2.833333333
D3,R1029,BEDROOM 2,-44.48076737,-266.7434811,-44.48076737,-280.6699151,13.926434
D3,R1030,BEDROOM 2,-44.48076737,-280.6699151,-44.9078507,-280.6699151,0.427083333
D3,R1031,BEDROOM 2,-44.9078507,-280.6699151,-44.9078507,-280.7219985,0.052083333
D3,R1032,BEDROOM 2,-44.9078507,-280.7219985,-44.48076737,-280.8730401,0.453005252
D3,R1033,BEDROOM 2,-44.48076737,-280.8730401,-44.48076737,-281.1855656,0.312525499
D3,R1034,BEDROOM 2,-44.48076737,-281.1855656,-44.48076737,-282.9303318,1.744766167
D3,R1035,BEDROOM 2,-44.48076737,-282.9303318,-34.13710206,-282.9303318,10.34366531
D3,R1036,BEDROOM 2,-34.13710206,-282.9303318,-34.13710206,-279.3886651,3.541666667
D3,R1037,BEDROOM 2,-34.13707419,-279.3886651,-34.13707419,-278.8866651,0.502
D3,R1038,BEDROOM 2,-34.13707419,-278.8866651,-34.13707419,-266.8413145,12.04535066
D3,R1039,BEDROOM 2,-34.13707419,-266.8413145,-34.13707419,-266.7851478,0.056166667
D3,R1040,BEDROOM 2,-34.13707419,-266.7851478,-36.45993404,-266.7851478,2.322859842
D3,R1041,BEDROOM 2,-36.45993404,-266.7851478,-36.45993404,-261.5344968,5.250651042
D3,R1042,BEDROOM 2,-36.45993404,-261.5344968,-39.98076737,-261.5344968,3.520833333
D3,R1043,BEDROOM 2,-39.98076737,-261.5344968,-39.98076737,-266.7434811,5.208984375
D3,R1044,BEDROOM 2,-39.98076737,-266.7434811,-44.48076737,-266.7434811,4.5
D3,R1045,CLOSET 2,-44.48076737,-261.5344968,-44.48076737,-266.3476478,4.813151042
D3,R1046,CLOSET 2,-44.48076737,-266.3476478,-40.3766007,-266.3476478,4.104166667
D3,R1047,CLOSET 2,-40.3766007,-266.3476478,-40.3766007,-261.5344968,4.813151042
D3,R1048,CLOSET 2,-40.3766007,-261.5344968,-44.48076737,-261.5344968,4.104166667
D3,R1049,BATHROOM 2,-44.48076737,-255.6386634,-44.48076737,-261.1386634,5.5
D3,R1050,BATHROOM 2,-44.48076737,-261.1386634,-40.17868404,-261.1386634,4.302083333
D3,R1051,BATHROOM 2,-40.17868404,-261.1386634,-36.45993404,-261.1386634,3.71875
D3,R1052,BATHROOM 2,-36.45993404,-261.1386634,-36.45993404,-255.6386634,5.5
D3,R1053,BATHROOM 2,-36.45993404,-255.6386634,-44.48076737,-255.6386634,8.020833333
D3,R1054,LIVING ROOM,-22.20466888,-278.9303318,-21.99109934,-278.9303318,0.213569536
D3,R1055,LIVING ROOM,-21.99109934,-278.9303318,-21.99109934,-266.8997311,12.03060066
D3,R1056,LIVING ROOM,-21.99109934,-266.8997311,-22.67339101,-266.8997311,0.682291667
D3,R1057,LIVING ROOM,-22.67339101,-266.8997311,-22.67339101,-266.3893145,0.510416667
D3,R1058,LIVING ROOM,-22.67339101,-266.3893145,-28.27243404,-266.3893145,5.599043028
D3,R1059,LIVING ROOM,-28.27243404,-266.3893145,-33.74124086,-266.3893145,5.468806825
D3,R1060,LIVING ROOM,-33.74124086,-266.3893145,-33.74124086,-278.9303318,12.54101733
D3,R1061,LIVING ROOM,-33.74124086,-278.9303318,-22.20466888,-278.9303318,11.53657198
D3,R1062,KITCHEN,-36.0641007,-255.6386634,-36.0641007,-261.3365801,5.697916667
D3,R1063,KITCHEN,-36.0641007,-261.3365801,-36.0641007,-266.3893145,5.052734375
D3,R1064,KITCHEN,-36.0641007,-266.3893145,-33.93915753,-266.3893145,2.124943175
D3,R1065,KITCHEN,-33.93915753,-266.3893145,-33.43715753,-266.3893145,0.502
D3,R1066,KITCHEN,-33.43715753,-266.3893145,-28.4703507,-266.3893145,4.966806825
D3,R1067,KITCHEN,-28.4703507,-266.3893145,-28.4703507,-261.3893145,5
D3,R1068,KITCHEN,-28.4703507,-261.3893145,-27.77243404,-261.3893145,0.697916667
D3,R1069,KITCHEN,-27.77243404,-261.3893145,-27.77243404,-258.2018145,3.1875
D3,R1070,KITCHEN,-27.77243404,-258.2018145,-27.77243404,-256.4772306,1.724583876
D3,R1071,KITCHEN,-27.77243404,-256.4772306,-27.77243404,-256.2532468,0.223983833
D3,R1072,KITCHEN,-27.77243404,-256.2532468,-27.77243404,-255.6386634,0.614583333
D3,R1073,KITCHEN,-27.77243404,-255.6386634,-36.0641007,-255.6386634,8.291666667
D3,R1074,ENTRY,-19.66818268,-261.3365801,-19.66818268,-259.2844968,2.052083333
D3,R1075,ENTRY,-19.66818268,-259.2844968,-22.89734934,-259.2844968,3.229166667
D3,R1076,ENTRY,-22.89734934,-259.2844968,-22.89734934,-256.4719968,2.8125
D3,R1077,ENTRY,-22.89734934,-256.4719968,-27.3766007,-256.4719968,4.479251361
D3,R1078,ENTRY,-27.3766007,-256.4719968,-27.3766007,-258.2018145,1.729817708
D3,R1079,ENTRY,-27.3766007,-258.2018145,-27.77243404,-258.2018145,0.395833333
D3,R1080,ENTRY,-27.77243404,-258.2018145,-27.77243404,-261.3893145,3.1875
D3,R1081,ENTRY,-27.77243404,-261.3893145,-28.07451737,-261.3893145,0.302083333
D3,R1082,ENTRY,-28.07451737,-261.3893145,-28.07451737,-266.3893145,5
D3,R1083,ENTRY,-28.07451737,-266.3893145,-22.89734934,-266.3893145,5.177168028
D3,R1084,ENTRY,-22.89734934,-266.3893145,-22.89734934,-265.8111895,0.578125
D3,R1085,ENTRY,-22.89734934,-265.8111895,-22.89734934,-265.5819973,0.229192166
D3,R1086,ENTRY,-22.89734934,-265.5819973,-22.89734934,-262.5143145,3.067682834
D3,R1087,ENTRY,-22.89734934,-262.5143145,-19.66818268,-262.5143145,3.229166667
D3,R1088,ENTRY,-19.66818268,-262.5143145,-19.66818268,-261.3365801,1.177734375
D4,R1089,BEDROOM 1,-121.178684,-7.899731141,-106.3766007,-7.899731141,14.80208333
D4,R1090,BEDROOM 1,-106.3766007,-7.899731141,-106.3766007,-3.399731141,4.5
D4,R1091,BEDROOM 1,-106.3766007,-3.399731141,-101.116184,-3.399731141,5.260416667
D4,R1092,BEDROOM 1,-101.116184,-3.399731141,-101.116184,0.121102192,3.520833333
D4,R1093,BEDROOM 1,-101.116184,0.121102192,-106.366184,0.121102192,5.25
D4,R1094,BEDROOM 1,-106.366184,0.121102192,-106.366184,2.443962033,2.322859842
D4,R1095,BEDROOM 1,-106.366184,2.443962033,-106.4223507,2.443962033,0.056166667
D4,R1096,BEDROOM 1,-106.4223507,2.443962033,-118.4631424,2.443962033,12.04079167
D4,R1097,BEDROOM 1,-118.4631424,2.443962033,-118.9651424,2.443962033,0.502
D4,R1098,BEDROOM 1,-118.9651424,2.443934164,-121.178684,2.443934164,2.213541667
D4,R1099,BEDROOM 1,-121.178684,2.443934164,-121.178684,-7.899731141,10.34366531
D4,R1100,CLOSET 1,-105.9807674,-7.899731141,-101.116184,-7.899731141,4.864583333
D4,R1101,CLOSET 1,-101.116184,-7.899731141,-101.116184,-3.795564475,4.104166667
D4,R1102,CLOSET 1,-101.116184,-3.795564475,-105.9807674,-3.795564475,4.864583333
D4,R1103,CLOSET 1,-105.9807674,-3.795564475,-105.9807674,-7.899731141,4.104166667
D4,R1104,BATHROOM 1,-100.7203507,-7.899731141,-95.22064113,-7.899731141,5.499709576
D4,R1105,BATHROOM 1,-95.22064113,-7.899731141,-95.22064113,0.121102192,8.020833333
D4,R1106,BATHROOM 1,-95.22064113,0.121102192,-100.7203507,0.121102192,5.499709576
D4,R1107,BATHROOM 1,-100.7203507,0.121102192,-100.7203507,-3.597647808,3.71875
D4,R1108,BATHROOM 1,-100.7203507,-3.597647808,-100.7203507,-7.899731141,4.302083333
D4,R1109,BEDROOM 2,-118.5120174,25.32943553,-118.5120174,25.09503503,0.234400499
D4,R1110,BEDROOM 2,-118.5120174,25.09503503,-118.5120174,14.98577022,10.10926481
D4,R1111,BEDROOM 2,-118.5120174,14.98577022,-106.272434,14.98577022,12.23958333
D4,R1112,BEDROOM 2,-106.272434,14.98577022,-106.272434,17.30868689,2.322916667
D4,R1113,BEDROOM 2,-106.272434,17.30868689,-102.4182674,17.30868689,3.854166667
D4,R1114,BEDROOM 2,-102.4182674,17.30868689,-101.116184,17.30868689,1.302083333
D4,R1115,BEDROOM 2,-101.116184,17.30868689,-101.116184,20.81910355,3.510416667
D4,R1116,BEDROOM 2,-101.116184,20.81910355,-106.272434,20.81910355,5.15625
D4,R1117,BEDROOM 2,-106.272434,20.81910355,-106.272434,25.32943553,4.510331972
D4,R1118,BEDROOM 2,-106.272434,25.32943553,-118.5120174,25.32943553,12.23958333
D4,R1119,CLOSET 2,-101.116184,21.21493689,-101.116184,25.32943553,4.114498639
D4,R1120,CLOSET 2,-101.116184,25.32943553,-105.8766007,25.32943553,4.760416667
D4,R1121,CLOSET 2,-105.8766007,25.32943553,-105.8766007,21.21493689,4.114498639
D4,R1122,CLOSET 2,-105.8766007,21.21493689,-101.116184,21.21493689,4.760416667
D4,R1123,BATHROOM 2,-95.22064113,17.30868689,-95.22064113,25.32943553,8.020748639
D4,R1124,BATHROOM 2,-95.22064113,25.32943553,-100.7203507,25.32943553,5.499709576
D4,R1125,BATHROOM 2,-100.7203507,25.32943553,-100.7203507,25.32420169,0.005233833
D4,R1126,BATHROOM 2,-100.7203507,25.32420169,-100.7203507,21.01702022,4.307181473
D4,R1127,BATHROOM 2,-100.7203507,21.01702022,-100.7203507,17.30868689,3.708333333
D4,R1128,BATHROOM 2,-100.7203507,17.30868689,-98.26201737,17.30868689,2.458333333
D4,R1129,BATHROOM 2,-98.26201737,17.30868689,-95.22064113,17.30868689,3.041376243
D4,R1130,LIVING ROOM,-118.5120174,14.58993689,-118.5120174,2.839795367,11.75014152
D4,R1131,LIVING ROOM,-118.5120174,2.839795367,-105.9703507,2.839795367,12.54166667
D4,R1132,LIVING ROOM,-105.9703507,2.839795367,-105.9703507,8.308602192,5.468806825
D4,R1133,LIVING ROOM,-105.9703507,8.308602192,-105.9703507,13.88160355,5.573001361
D4,R1134,LIVING ROOM,-105.9703507,13.88160355,-106.272434,13.88160355,0.302083333
D4,R1135,LIVING ROOM,-106.272434,13.88160355,-106.272434,14.58993689,0.708333333
D4,R1136,LIVING ROOM,-106.272434,14.58993689,-118.5120174,14.58993689,12.23958333
D4,R1137,ENTRY,-98.45993404,16.91285355,-100.9182674,16.91285355,2.458333333
D4,R1138,ENTRY,-100.9182674,16.91285355,-102.2203507,16.91285355,1.302083333
D4,R1139,ENTRY,-102.2203507,16.91285355,-102.2203507,13.68368689,3.229166667
D4,R1140,ENTRY,-102.2203507,13.68368689,-105.9703507,13.68368689,3.75
D4,R1141,ENTRY,-105.9703507,13.68368689,-105.9703507,8.506518859,5.177168028
D4,R1142,ENTRY,-105.9703507,8.506518859,-100.9692393,8.506518859,5.00111136
D4,R1143,ENTRY,-100.9692393,8.506518859,-100.9692393,8.818976376,0.312457518
D4,R1144,ENTRY,-100.9692393,8.818976376,-97.83493404,8.818976376,3.134305307
D4,R1145,ENTRY,-97.83493404,8.818976376,-97.83493404,9.21480971,0.395833333
D4,R1146,ENTRY,-97.83493404,9.21480971,-96.05397446,9.21480971,1.780959576
D4,R1147,ENTRY,-96.05397446,9.21480971,-96.05397446,13.68368689,4.468877176
D4,R1148,ENTRY,-96.05397446,13.68368689,-98.45993404,13.68368689,2.405959576
D4,R1149,ENTRY,-98.45993404,13.68368689,-98.45993404,16.91285355,3.229166667
D4,R1150,KITCHEN,-100.9182674,0.516935525,-95.22064113,0.516935525,5.697626243
D4,R1151,KITCHEN,-95.22064113,0.516935525,-95.22064113,8.818976376,8.302040851
D4,R1152,KITCHEN,-95.22064113,8.818976376,-95.83522446,8.818976376,0.614583333
D4,R1153,KITCHEN,-95.83522446,8.818976376,-96.05920829,8.818976376,0.223983833
D4,R1154,KITCHEN,-96.05920829,8.818976376,-97.83493404,8.818976376,1.775725743
D4,R1155,KITCHEN,-97.83493404,8.818976376,-100.9692393,8.818976376,3.134305307
D4,R1156,KITCHEN,-100.9692393,8.818976376,-100.9703507,8.110685525,0.708291723
D4,R1157,KITCHEN,-100.9703507,8.110685525,-101.4212393,8.110685525,0.45088864
D4,R1158,KITCHEN,-101.4212393,8.110685525,-105.9703507,8.110685525,4.54911136
D4,R1159,KITCHEN,-105.9703507,8.110685525,-105.9703507,3.1438787,4.966806825
D4,R1160,KITCHEN,-105.9703507,3.1438787,-105.9703507,2.6418787,0.502
D4,R1161,KITCHEN,-105.9703507,2.6418787,-105.9703507,0.516935525,2.124943175
D4,R1162,KITCHEN,-105.9703507,0.516935525,-100.9182674,0.516935525,5.052083333
D4,R1163,HVAC,-95.22064113,14.07952022,-95.22064113,16.91285355,2.833333333
D4,R1164,HVAC,-95.22064113,16.91285355,-98.0641007,16.91285355,2.843459576
D4,R1165,HVAC,-98.0641007,16.91285355,-98.0641007,14.07952022,2.833333333
D4,R1166,HVAC,-98.0641007,14.07952022,-96.05920829,14.07952022,2.00489241
D4,R1167,HVAC,-96.05920829,14.07952022,-95.83522446,14.07952022,0.223983833
D4,R1168,HVAC,-95.83522446,14.07952022,-95.22064113,14.07952022,0.614583333
D4,R1169,UTILITY,-102.616184,14.07952022,-102.616184,16.91285355,2.833333333
D4,R1170,UTILITY,-102.616184,16.91285355,-105.8766007,16.91285355,3.260416667
D4,R1171,UTILITY,-105.8766007,16.91285355,-105.8766007,14.78785355,2.125
D4,R1172,UTILITY,-105.8766007,14.78785355,-105.8766007,14.07952022,0.708333333
D4,R1173,UTILITY,-105.8766007,14.07952022,-102.616184,14.07952022,3.260416667
E,R0015,LIVING ROOM,-101.7412687,-278.9303318,-89.99112721,-278.9303318,11.75014152
E,R0016,LIVING ROOM,-89.99112721,-278.9303318,-89.99112721,-266.3893145,12.54101733
E,R0017,LIVING ROOM,-89.99112721,-266.3893145,-95.45993404,-266.3893145,5.468806825
E,R0018,LIVING ROOM,-95.45993404,-266.3893145,-96.35576737,-266.3893145,0.895833333
E,R0019,LIVING ROOM,-96.35576737,-266.3893145,-101.7412687,-266.3893145,5.385501361
E,R0020,LIVING ROOM,-101.7412687,-266.3893145,-101.7412687,-278.9303318,12.54101733
E,R0154,BATHROOM 2,-115.147434,-255.6386634,-115.147434,-261.1386634,5.5
E,R0155,BATHROOM 2,-115.147434,-261.1386634,-109.1683521,-261.1386634,5.979081972
E,R0156,BATHROOM 2,-109.1683521,-261.1386634,-105.3662687,-261.1386634,3.802083333
E,R0157,BATHROOM 2,-105.3662687,-261.1386634,-105.3662687,-259.0865801,2.052083333
E,R0158,BATHROOM 2,-105.3662687,-259.0865801,-105.3662687,-255.6386634,3.447916667
E,R0159,BATHROOM 2,-105.3662687,-255.6386634,-105.944309,-255.6386634,0.578040306
E,R0160,BATHROOM 2,-105.944309,-255.6386634,-112.4755335,-255.6386634,6.531224501
E,R0161,BATHROOM 2,-112.4755335,-255.6386634,-112.9338924,-255.6386634,0.458358833
E,R0162,BATHROOM 2,-112.9338924,-255.6386634,-115.147434,-255.6386634,2.213541667
E,R0163,CLOSET 2,-115.147434,-261.5344968,-115.147434,-266.2434811,4.708984375
E,R0164,CLOSET 2,-115.147434,-266.2434811,-109.3662687,-266.2434811,5.781165306
E,R0165,CLOSET 2,-109.3662687,-266.2434811,-109.3662687,-261.5344968,4.708984375
E,R0166,CLOSET 2,-109.3662687,-261.5344968,-115.147434,-261.5344968,5.781165306
E,R0167,BEDROOM 2,-115.147434,-281.5969985,-102.1371021,-281.5969985,13.01033197
E,R0168,BEDROOM 2,-102.1371021,-281.5969985,-102.1371021,-279.3834568,2.213541667
E,R0169,BEDROOM 2,-102.1371021,-279.3834568,-102.1371021,-278.8814568,0.502
E,R0170,BEDROOM 2,-102.1371021,-278.8814568,-102.1371021,-266.8413145,12.04014233
E,R0171,BEDROOM 2,-102.1371021,-266.8413145,-102.1371021,-266.6393145,0.202
E,R0172,BEDROOM 2,-102.1371021,-266.6393145,-105.3662687,-266.6393145,3.229166667
E,R0173,BEDROOM 2,-105.3662687,-266.6393145,-105.3662687,-265.7747311,0.864583333
E,R0174,BEDROOM 2,-105.3662687,-265.7747311,-105.3662687,-265.5507728,0.223958333
E,R0175,BEDROOM 2,-105.3662687,-265.5507728,-105.3662687,-262.7324134,2.818359375
E,R0176,BEDROOM 2,-105.3662687,-262.7324134,-105.3662687,-261.5344968,1.197916667
E,R0177,BEDROOM 2,-105.3662687,-261.5344968,-108.9704354,-261.5344968,3.604166667
E,R0178,BEDROOM 2,-108.9704354,-261.5344968,-108.9704354,-266.6393145,5.104817708
E,R0179,BEDROOM 2,-108.9704354,-266.6393145,-115.147434,-266.6393145,6.176998639
E,R0180,BEDROOM 2,-115.147434,-266.6393145,-115.147434,-281.5969985,14.957684
E,R0181,UTILITY,-102.1371021,-255.6386634,-104.9704354,-255.6386634,2.833333333
E,R0182,UTILITY,-104.9704354,-255.6386634,-104.9704354,-258.8886634,3.25
E,R0183,UTILITY,-104.9704354,-258.8886634,-102.1371021,-258.8886634,2.833333333
E,R0184,UTILITY,-102.1371021,-258.8886634,-102.1371021,-256.4772306,2.411432834
E,R0185,UTILITY,-102.1371021,-256.4772306,-102.1371021,-256.2532468,0.223983833
E,R0186,UTILITY,-102.1371021,-256.2532468,-102.1371021,-255.6386634,0.614583333
E,R0187,HVAC,-104.9704354,-262.9303301,-104.9704354,-265.3268145,2.396484375
E,R0188,HVAC,-104.9704354,-265.3268145,-102.1371021,-265.3268145,2.833333333
E,R0189,HVAC,-102.1371021,-265.3268145,-102.1371021,-262.9303301,2.396484375
E,R0190,HVAC,-102.1371021,-262.9303301,-104.9704354,-262.9303301,2.833333333
E,R0191,BEDROOM 1,-79.2516007,-280.8730401,-79.2516007,-266.7434811,14.129559
E,R0192,BEDROOM 1,-79.2516007,-266.7434811,-83.7516007,-266.7434811,4.5
E,R0193,BEDROOM 1,-83.7516007,-266.7434811,-83.7516007,-261.5344968,5.208984375
E,R0194,BEDROOM 1,-83.7516007,-261.5344968,-87.27243404,-261.5344968,3.520833333
E,R0195,BEDROOM 1,-87.27243404,-261.5344968,-87.27243404,-266.7851478,5.250651042
E,R0196,BEDROOM 1,-87.27243404,-266.7851478,-89.59529388,-266.7851478,2.322859842
E,R0197,BEDROOM 1,-89.59529388,-266.7851478,-89.59529388,-266.8413145,0.056166667
E,R0198,BEDROOM 1,-89.59529388,-266.8413145,-89.59529388,-278.8814568,12.04014233
E,R0199,BEDROOM 1,-89.59529388,-278.8814568,-89.59529388,-279.2792901,0.397833333
E,R0200,BEDROOM 1,-89.59529388,-279.2792901,-89.59529388,-279.3834568,0.104166667
E,R0201,BEDROOM 1,-89.59529388,-279.3834568,-89.59529388,-281.5969985,2.213541667
E,R0202,BEDROOM 1,-89.59529388,-281.5969985,-79.2516007,-281.5969985,10.34369317
E,R0203,BEDROOM 1,-79.2516007,-281.5969985,-79.2516007,-280.8730401,0.723958333
E,R0204,CLOSET 1,-79.2516007,-266.3476478,-79.2516007,-261.5344968,4.813151042
E,R0205,CLOSET 1,-79.2516007,-261.5344968,-83.35576737,-261.5344968,4.104166667
E,R0206,CLOSET 1,-83.35576737,-261.5344968,-83.35576737,-266.3476478,4.813151042
E,R0207,CLOSET 1,-83.35576737,-266.3476478,-79.2516007,-266.3476478,4.104166667
E,R0208,BATHROOM 1,-79.2516007,-261.1386634,-79.2516007,-255.6386634,5.5
E,R0209,BATHROOM 1,-79.2516007,-255.6386634,-87.27243404,-255.6386634,8.020833333
E,R0210,BATHROOM 1,-87.27243404,-255.6386634,-87.27243404,-261.1386634,5.5
E,R0211,BATHROOM 1,-87.27243404,-261.1386634,-83.55368404,-261.1386634,3.71875
E,R0212,BATHROOM 1,-83.55368404,-261.1386634,-79.2516007,-261.1386634,4.302083333
E,R0213,KITCHEN,-87.83493404,-255.6386634,-95.95993404,-255.6386634,8.125
E,R0214,KITCHEN,-95.95993404,-255.6386634,-95.95993404,-256.2532468,0.614583333
E,R0215,KITCHEN,-95.95993404,-256.2532468,-95.95993404,-256.4772306,0.223983833
E,R0216,KITCHEN,-95.95993404,-256.4772306,-95.95993404,-258.2018145,1.724583876
E,R0217,KITCHEN,-95.95993404,-258.2018145,-96.35576737,-258.2018145,0.395833333
E,R0218,KITCHEN,-96.35576737,-258.2018145,-96.35576737,-261.3893145,3.1875
E,R0219,KITCHEN,-96.35576737,-261.3893145,-95.26201737,-261.3893145,1.09375
E,R0220,KITCHEN,-95.26201737,-261.3893145,-95.26201737,-266.3893145,5
E,R0221,KITCHEN,-95.26201737,-266.3893145,-90.29521054,-266.3893145,4.966806825
E,R0222,KITCHEN,-90.29521054,-266.3893145,-89.79321054,-266.3893145,0.502
E,R0223,KITCHEN,-89.79321054,-266.3893145,-87.83493404,-266.3893145,1.958276508
E,R0224,KITCHEN,-87.83493404,-266.3893145,-87.83493404,-261.3365801,5.052734375
E,R0225,KITCHEN,-87.83493404,-261.3365801,-87.83493404,-255.6386634,5.697916667
E,R0226,ENTRY,-96.35576737,-256.4719968,-101.7412687,-256.4719968,5.385501361
E,R0227,ENTRY,-101.7412687,-256.4719968,-101.7412687,-259.2844968,2.8125
E,R0228,ENTRY,-101.7412687,-259.2844968,-104.9704354,-259.2844968,3.229166667
E,R0229,ENTRY,-104.9704354,-259.2844968,-104.9704354,-261.3365801,2.052083333
E,R0230,ENTRY,-104.9704354,-261.3365801,-104.9704354,-262.5344968,1.197916667
E,R0231,ENTRY,-104.9704354,-262.5344968,-101.7412687,-262.5344968,3.229166667
E,R0232,ENTRY,-101.7412687,-262.5344968,-101.7412687,-265.5507728,3.016276042
E,R0233,ENTRY,-101.7412687,-265.5507728,-101.7412687,-265.7747311,0.223958333
E,R0234,ENTRY,-101.7412687,-265.7747311,-101.7412687,-266.3893145,0.614583333
E,R0235,ENTRY,-101.7412687,-266.3893145,-101.4371854,-266.3893145,0.304083333
E,R0236,ENTRY,-101.4371854,-266.3893145,-96.35576737,-266.3893145,5.081418028
E,R0237,ENTRY,-96.35576737,-266.3893145,-96.35576737,-261.3893145,5
E,R0238,ENTRY,-96.35576737,-261.3893145,-96.35576737,-258.2018145,3.1875
E,R0239,ENTRY,-96.35576737,-258.2018145,-96.35576737,-256.4719968,1.729817708
F,R0021,KITCHEN,106.2588457,46.69401886,106.2588457,42.54818553,4.145833333
F,R0022,KITCHEN,106.2588457,42.54818553,109.8311268,42.54818553,3.572281068
F,R0023,KITCHEN,109.8311268,42.54818553,112.6332101,42.54818553,2.802083333
F,R0024,KITCHEN,112.6332101,42.54818553,112.6332101,42.15235219,0.395833333
F,R0025,KITCHEN,112.6332101,42.15235219,110.1123768,42.15235219,2.520833333
F,R0026,KITCHEN,110.1123768,42.15235219,110.1123768,38.91276886,3.239583333
F,R0027,KITCHEN,110.1123768,38.91276886,110.1123768,35.90235219,3.010416667
F,R0028,KITCHEN,110.1123768,35.90235219,118.8623768,35.90235219,8.75
F,R0029,KITCHEN,118.8623768,35.90235219,118.8623768,41.60026886,5.697916667
F,R0030,KITCHEN,118.8623768,41.60026886,118.8623768,45.90235219,4.302083333
F,R0031,KITCHEN,118.8623768,45.90235219,114.0088728,45.90235219,4.853504005
F,R0032,KITCHEN,114.0088728,45.90235219,114.0088728,46.69401886,0.791666667
F,R0033,KITCHEN,114.0088728,46.69401886,106.2588457,46.69401886,7.750027063
F,R0072,BEDROOM 1,91.51923263,56.77188103,91.51923263,44.07943553,12.6924455
F,R0073,BEDROOM 1,91.51923263,44.07943553,97.1858146,44.07943553,5.666581972
F,R0074,BEDROOM 1,97.1858146,44.07943553,97.1858146,38.92318553,5.15625
F,R0075,BEDROOM 1,97.1858146,38.92318553,101.6858146,38.92318553,4.5
F,R0076,BEDROOM 1,101.6858146,38.92318553,101.6858146,39.68360219,0.760416667
F,R0077,BEDROOM 1,101.6858146,39.68360219,101.6858146,42.43360219,2.75
F,R0078,BEDROOM 1,101.6858146,42.43360219,101.6858146,56.27502667,13.84142448
F,R0079,BEDROOM 1,101.6858146,56.27502667,101.6858146,56.77702667,0.502
F,R0080,BEDROOM 1,101.6858146,56.77702667,101.6858146,58.9854227,2.208396025
F,R0081,BEDROOM 1,101.6858146,58.9854227,91.51923263,58.9854227,10.16658197
F,R0082,BEDROOM 1,91.51923263,58.9854227,91.51923263,56.77188103,2.213541667
F,R0083,BATHROOM 1,91.51923263,33.02735219,101.6858146,33.02735219,10.16658197
F,R0084,BATHROOM 1,101.6858146,33.02735219,101.6858146,33.64193553,0.614583333
F,R0085,BATHROOM 1,101.6858146,33.64193553,101.6858146,33.86591936,0.223983833
F,R0086,BATHROOM 1,101.6858146,33.86591936,101.6858146,38.52735219,4.661432834
F,R0087,BATHROOM 1,101.6858146,38.52735219,96.98789794,38.52735219,4.697916667
F,R0088,BATHROOM 1,96.98789794,38.52735219,91.51923263,38.52735219,5.468665306
F,R0089,BATHROOM 1,91.51923263,38.52735219,91.51923263,33.02735219,5.5
F,R0090,CLOSET 2,127.4457101,41.79818553,127.4457101,46.40235219,4.604166667
F,R0091,CLOSET 2,127.4457101,46.40235219,126.5707101,46.40235219,0.875
F,R0092,CLOSET 2,126.5707101,46.40235219,126.0687101,46.40235219,0.502
F,R0093,CLOSET 2,126.0687101,46.40235219,123.3415435,46.40235219,2.727166667
F,R0094,CLOSET 2,123.3415435,46.40235219,123.3415435,41.79818553,4.604166667
F,R0095,CLOSET 2,123.3415435,41.79818553,127.4457101,41.79818553,4.104166667
F,R0096,BEDROOM 2,126.1123768,46.79818553,126.1123768,57.65208936,10.85390384
F,R0097,BEDROOM 2,126.1123768,57.65208936,114.4047061,57.65208936,11.70767067
F,R0098,BEDROOM 2,114.4047061,57.65208936,114.4047061,56.77702667,0.875062692
F,R0099,BEDROOM 2,114.4047061,56.77702667,114.4047061,56.27502667,0.502
F,R0100,BEDROOM 2,114.4047061,56.27502667,114.4047061,46.69401886,9.581007812
F,R0101,BEDROOM 2,114.4047061,46.69401886,114.4047061,46.29818553,0.395833333
F,R0102,BEDROOM 2,114.4047061,46.29818553,119.4248768,46.29818553,5.020170672
F,R0103,BEDROOM 2,119.4248768,46.29818553,119.4248768,41.79818553,4.5
F,R0104,BEDROOM 2,119.4248768,41.79818553,122.9457101,41.79818553,3.520833333
F,R0105,BEDROOM 2,122.9457101,41.79818553,122.9457101,46.79818553,5
F,R0106,BEDROOM 2,122.9457101,46.79818553,126.1123768,46.79818553,3.166666667
F,R0107,LIVING ROOM,114.0088728,56.31869334,102.0816479,56.31869334,11.92722485
F,R0108,LIVING ROOM,102.0816479,56.31869334,102.0816479,42.43360219,13.88509115
F,R0109,LIVING ROOM,102.0816479,42.43360219,106.1748768,42.43360219,4.093228858
F,R0110,LIVING ROOM,106.1748768,42.43360219,106.2588457,42.43360219,0.083968932
F,R0111,LIVING ROOM,106.2588457,42.43360219,106.2588457,42.85226886,0.418666667
F,R0112,LIVING ROOM,106.2588457,42.85226886,106.2588457,46.69401886,3.84175
F,R0113,LIVING ROOM,106.2588457,46.69401886,114.0088728,46.69401886,7.750027063
F,R0114,LIVING ROOM,114.0088728,46.69401886,114.0088728,56.31869334,9.624674479
F,R0128,HVAC,106.5707101,35.90235219,109.5498768,35.90235219,2.979166667
F,R0129,HVAC,109.5498768,35.90235219,109.5498768,38.63151886,2.729166667
F,R0130,HVAC,109.5498768,38.63151886,106.5707101,38.63151886,2.979166667
F,R0131,HVAC,106.5707101,38.63151886,106.5707101,35.90235219,2.729166667
F,R0132,CLOSET 1,91.51923263,43.68360219,91.51923263,38.92318553,4.760416667
F,R0133,CLOSET 1,91.51923263,38.92318553,96.78998127,38.92318553,5.270748639
F,R0134,CLOSET 1,96.78998127,38.92318553,96.78998127,43.68360219,4.760416667
F,R0135,CLOSET 1,96.78998127,43.68360219,91.51923263,43.68360219,5.270748639
F,R0136,BATHROOM 2,127.4457101,35.90235219,127.4457101,41.40235219,5.5
F,R0137,BATHROOM 2,127.4457101,41.40235219,123.1436268,41.40235219,4.302083333
F,R0138,BATHROOM 2,123.1436268,41.40235219,119.4248768,41.40235219,3.71875
F,R0139,BATHROOM 2,119.4248768,41.40235219,119.4248768,35.90235219,5.5
F,R0140,BATHROOM 2,119.4248768,35.90235219,127.4457101,35.90235219,8.020833333
F,R0141,ENTRY,106.1748768,38.91276886,106.2588457,38.91276886,0.083968932
F,R0142,ENTRY,106.2588457,38.91276886,106.2588457,39.68360219,0.770833333
F,R0143,ENTRY,106.2588457,39.68360219,106.1748768,39.68360219,0.083968932
F,R0144,ENTRY,106.1748768,39.68360219,106.1748768,42.43360219,2.75
F,R0145,ENTRY,106.1748768,42.43360219,102.0816479,42.43360219,4.093228858
F,R0146,ENTRY,102.0816479,42.43360219,102.0816479,39.68360219,2.75
F,R0147,ENTRY,102.0816479,39.68360219,102.0816479,38.72526886,0.958333333
F,R0148,ENTRY,102.0816479,38.72526886,102.0816479,33.86068553,4.864583333
F,R0149,ENTRY,102.0816479,33.86068553,106.2790435,33.86068553,4.197395524
F,R0150,ENTRY,106.2790435,33.86068553,106.2790435,35.32943553,1.46875
F,R0151,ENTRY,106.2790435,35.32943553,106.1748768,35.32943553,0.104166667
F,R0152,ENTRY,106.1748768,35.32943553,106.1748768,35.83143553,0.502
F,R0153,ENTRY,106.1748768,35.83143553,106.1748768,38.91276886,3.081333333
F,R0624,UTILITY,106.7108457,42.15235219,106.5707101,42.15235219,0.140135598
F,R0625,UTILITY,106.5707101,42.15235219,106.5707101,39.19401886,2.958333333
F,R0626,UTILITY,106.5707101,39.19401886,109.5498768,39.19401886,2.979166667
F,R0627,UTILITY,109.5498768,39.19401886,109.5498768,42.15235219,2.958333333
F,R0628,UTILITY,109.5498768,42.15235219,106.7108457,42.15235219,2.839031068
G,R0334,BEDROOM 2,-119.8453507,-76.67056447,-119.8453507,-87.00384098,10.33327651
G,R0335,BEDROOM 2,-119.8453507,-87.00384098,-118.9703507,-87.00384098,0.875
G,R0336,BEDROOM 2,-118.9703507,-87.00384098,-118.4683507,-87.00384098,0.502
G,R0337,BEDROOM 2,-118.4683507,-87.00384098,-106.4226411,-87.00384098,12.04570958
G,R0338,BEDROOM 2,-106.4226411,-87.00384098,-106.3664745,-87.00384098,0.056166667
G,R0339,BEDROOM 2,-106.3664745,-87.00384098,-106.3664745,-84.67056447,2.333276508
G,R0340,BEDROOM 2,-106.3664745,-84.67056447,-101.1164745,-84.67056447,5.25
G,R0341,BEDROOM 2,-101.1164745,-84.67056447,-101.1164745,-81.16014781,3.510416667
G,R0342,BEDROOM 2,-101.1164745,-81.16014781,-106.3664745,-81.16014781,5.25
G,R0343,BEDROOM 2,-106.3664745,-81.16014781,-106.3664745,-76.67056447,4.489583333
G,R0344,BEDROOM 2,-106.3664745,-76.67056447,-119.8453507,-76.67056447,13.47887624
G,R0345,CLOSET 2,-101.1164745,-76.67056447,-105.9706411,-76.67056447,4.854166667
G,R0346,CLOSET 2,-105.9706411,-76.67056447,-105.9706411,-80.76431447,4.09375
G,R0347,CLOSET 2,-105.9706411,-80.76431447,-101.1164745,-80.76431447,4.854166667
G,R0348,CLOSET 2,-101.1164745,-80.76431447,-101.1164745,-76.67056447,4.09375
G,R0349,BATHROOM 2,-95.22064113,-84.67056447,-95.22064113,-76.67056447,8
G,R0350,BATHROOM 2,-95.22064113,-76.67056447,-100.7206411,-76.67056447,5.5
G,R0351,BATHROOM 2,-100.7206411,-76.67056447,-100.7206411,-80.96223114,4.291666667
G,R0352,BATHROOM 2,-100.7206411,-80.96223114,-100.7206411,-84.67056447,3.708333333
G,R0353,BATHROOM 2,-100.7206411,-84.67056447,-95.22064113,-84.67056447,5.5
G,R0354,CLOSET 1,-107.0429769,-110.6393145,-107.0429769,-112.3053301,1.666015625
G,R0355,CLOSET 1,-107.0429769,-112.3053301,-98.88701737,-112.3053301,8.155959576
G,R0356,CLOSET 1,-98.88701737,-112.3053301,-98.88701737,-109.1809811,3.124348958
G,R0357,CLOSET 1,-98.88701737,-109.1809811,-103.2831411,-109.1809811,4.396123757
G,R0358,CLOSET 1,-103.2831411,-109.1809811,-103.2831411,-107.4309811,1.75
G,R0359,CLOSET 1,-103.2831411,-107.4309811,-107.0432674,-107.4309811,3.760126243
G,R0360,CLOSET 1,-107.0432674,-107.4309811,-107.0432674,-109.8039811,2.373
G,R0361,CLOSET 1,-107.0432674,-109.8039811,-107.0432674,-110.6393145,0.835333333
G,R0362,BATHROOM 1,-98.88701737,-105.5761634,-95.2203507,-105.5761634,3.666666667
G,R0363,BATHROOM 1,-95.2203507,-105.5761634,-95.2203507,-99.13939917,6.436764264
G,R0364,BATHROOM 1,-95.2203507,-99.13939917,-95.83493404,-99.13939917,0.614583333
G,R0365,BATHROOM 1,-95.83493404,-99.13939917,-96.05891787,-99.13939917,0.223983833
G,R0366,BATHROOM 1,-96.05891787,-99.13939917,-100.2203507,-99.13939917,4.161432834
G,R0367,BATHROOM 1,-100.2203507,-99.13939917,-100.2203507,-102.2851478,3.145748639
G,R0368,BATHROOM 1,-100.2203507,-102.2851478,-102.8873078,-102.2851478,2.66695709
G,R0369,BATHROOM 1,-102.8873078,-102.2851478,-102.8873078,-107.2330645,4.947916667
G,R0370,BATHROOM 1,-102.8873078,-107.2330645,-102.8873078,-108.6184811,1.385416667
G,R0371,BATHROOM 1,-102.8873078,-108.6184811,-98.88701737,-108.6184811,4.000290424
G,R0372,BATHROOM 1,-98.88701737,-108.6184811,-98.88701737,-105.5761634,3.042317708
G,R0373,BEDROOM 1,-119.8453507,-109.8476478,-107.4391007,-109.8476478,12.40625
G,R0374,BEDROOM 1,-107.4391007,-109.8476478,-107.4391007,-107.0351478,2.8125
G,R0375,BEDROOM 1,-107.4391007,-107.0351478,-103.2831411,-107.0351478,4.155959576
G,R0376,BEDROOM 1,-103.2831411,-107.0351478,-103.2831411,-102.2851478,4.75
G,R0377,BEDROOM 1,-103.2831411,-102.2851478,-103.959934,-102.2851478,0.67679291
G,R0378,BEDROOM 1,-103.959934,-102.2851478,-107.3870174,-102.2851478,3.427083333
G,R0379,BEDROOM 1,-107.3870174,-102.2851478,-107.3870174,-99.13939917,3.145748639
G,R0380,BEDROOM 1,-107.3870174,-99.13939917,-118.4683507,-99.13939917,11.08133333
G,R0381,BEDROOM 1,-118.4683507,-99.13939917,-118.9703507,-99.13939917,0.502
G,R0382,BEDROOM 1,-118.9703507,-99.13939917,-119.8453507,-99.13939917,0.875
G,R0383,BEDROOM 1,-119.8453507,-99.13939917,-119.8453507,-109.8476478,10.70824864
G,R0384,UTILITY,-103.7620174,-99.13939917,-103.7620174,-101.8893145,2.749915306
G,R0385,UTILITY,-103.7620174,-101.8893145,-103.0852245,-101.8893145,0.67679291
G,R0386,UTILITY,-103.0852245,-101.8893145,-100.616184,-101.8893145,2.469040424
G,R0387,UTILITY,-100.616184,-101.8893145,-100.616184,-99.13939917,2.749915306
G,R0388,UTILITY,-100.616184,-99.13939917,-103.7620174,-99.13939917,3.145833333
G,R0389,HVAC,-104.1578507,-101.8893145,-104.1578507,-99.13939917,2.749915306
G,R0390,HVAC,-104.1578507,-99.13939917,-106.6998078,-99.13939917,2.54195709
G,R0391,HVAC,-106.6998078,-99.13939917,-106.991184,-99.13939917,0.291376243
G,R0392,HVAC,-106.991184,-99.13939917,-106.991184,-101.8893145,2.749915306
G,R0393,HVAC,-106.991184,-101.8893145,-104.1578507,-101.8893145,2.833333333
G,R0394,KITCHEN,-95.22064113,-93.89968866,-95.22064113,-85.23306447,8.666624184
G,R0395,KITCHEN,-95.22064113,-85.23306447,-100.9185578,-85.23306447,5.697916667
G,R0396,KITCHEN,-100.9185578,-85.23306447,-105.9706411,-85.23306447,5.052083333
G,R0397,KITCHEN,-105.9706411,-85.23306447,-105.9706411,-87.20175765,1.968693175
G,R0398,KITCHEN,-105.9706411,-87.20175765,-105.9706411,-87.70375765,0.502
G,R0399,KITCHEN,-105.9706411,-87.70375765,-105.9706411,-92.67056447,4.966806825
G,R0400,KITCHEN,-105.9706411,-92.67056447,-101.5331411,-92.67056447,4.4375
G,R0401,KITCHEN,-101.5331411,-92.67056447,-101.5331411,-94.06635533,1.395790851
G,R0402,KITCHEN,-101.5331411,-94.06635533,-98.03314113,-94.06635533,3.5
G,R0403,KITCHEN,-98.03314113,-94.06635533,-98.03314113,-93.86843866,0.197916667
G,R0404,KITCHEN,-98.03314113,-93.86843866,-96.05891787,-93.86843866,1.974223258
G,R0405,KITCHEN,-96.05891787,-93.86843866,-95.83493404,-93.86843866,0.223983833
G,R0406,KITCHEN,-95.83493404,-93.86843866,-95.83493404,-93.89968866,0.03125
G,R0407,KITCHEN,-95.83493404,-93.89968866,-95.22064113,-93.89968866,0.61429291
G,R0408,ENTRY,-96.05368404,-98.74356584,-96.05368404,-94.26427199,4.479293843
G,R0409,ENTRY,-96.05368404,-94.26427199,-98.03314113,-94.26427199,1.97945709
G,R0410,ENTRY,-98.03314113,-94.26427199,-98.03314113,-94.06635533,0.197916667
G,R0411,ENTRY,-98.03314113,-94.06635533,-101.5331411,-94.06635533,3.5
G,R0412,ENTRY,-101.5331411,-94.06635533,-101.5331411,-93.06639781,0.999957518
G,R0413,ENTRY,-101.5331411,-93.06639781,-105.9706411,-93.06639781,4.4375
G,R0414,ENTRY,-105.9706411,-93.06639781,-105.9706411,-93.56634098,0.499943175
G,R0415,ENTRY,-105.9706411,-93.56634098,-106.6998078,-93.56634098,0.729166667
G,R0416,ENTRY,-106.6998078,-93.56634098,-106.6998078,-98.74356584,5.177224853
G,R0417,ENTRY,-106.6998078,-98.74356584,-103.959934,-98.74356584,2.739873757
G,R0418,ENTRY,-103.959934,-98.74356584,-100.4182674,-98.74356584,3.541666667
G,R0419,ENTRY,-100.4182674,-98.74356584,-96.05368404,-98.74356584,4.364583333
G,R0420,LIVING ROOM,-105.9706411,-87.39967432,-118.5120174,-87.39967432,12.54137624
G,R0421,LIVING ROOM,-118.5120174,-87.39967432,-118.5120174,-98.74356584,11.34389152
G,R0422,LIVING ROOM,-118.5120174,-98.74356584,-107.1891007,-98.74356584,11.32291667
G,R0423,LIVING ROOM,-107.1891007,-98.74356584,-106.6998078,-98.74356584,0.48929291
G,R0424,LIVING ROOM,-106.6998078,-98.74356584,-106.6998078,-93.56634098,5.177224853
G,R0425,LIVING ROOM,-106.6998078,-93.56634098,-106.6998078,-93.06639781,0.499943175
G,R0426,LIVING ROOM,-106.6998078,-93.06639781,-105.9706411,-93.06639781,0.729166667
G,R0427,LIVING ROOM,-105.9706411,-93.06639781,-105.9706411,-92.86848114,0.197916667
G,R0428,LIVING ROOM,-105.9706411,-92.86848114,-105.9706411,-87.39967432,5.468806825
